data;p_soja
13/03/2006;27.66
14/03/2006;27.45
15/03/2006;27.58
16/03/2006;26.97
17/03/2006;26.96
20/03/2006;27.36
21/03/2006;27.55
22/03/2006;27.84
23/03/2006;27.82
24/03/2006;27.91
27/03/2006;28.48
28/03/2006;28.7
29/03/2006;28.69
30/03/2006;28.33
31/03/2006;27.54
03/04/2006;26.96
04/04/2006;26.57
05/04/2006;26.6
06/04/2006;26.79
07/04/2006;26.76
10/04/2006;26.74
11/04/2006;26.8
12/04/2006;26.74
13/04/2006;26.82
17/04/2006;27.28
18/04/2006;27.26
19/04/2006;27.1
20/04/2006;27.04
24/04/2006;27.33
25/04/2006;27.44
26/04/2006;27.32
27/04/2006;27.15
28/04/2006;27.67
02/05/2006;27.59
03/05/2006;27.58
04/05/2006;27.82
05/05/2006;27.76
08/05/2006;27.28
09/05/2006;27.86
10/05/2006;28.13
11/05/2006;28.36
12/05/2006;28.88
15/05/2006;28.83
16/05/2006;28.3
17/05/2006;29.03
18/05/2006;29.05
19/05/2006;28.61
22/05/2006;29.4
23/05/2006;29.23
24/05/2006;30.26
25/05/2006;29.63
26/05/2006;29.04
29/05/2006;28.74
30/05/2006;30.14
31/05/2006;29.5
01/06/2006;29.28
02/06/2006;29.97
05/06/2006;30.02
06/06/2006;29.84
09/06/2006;29.3
12/06/2006;30
13/06/2006;30.26
14/06/2006;29.88
16/06/2006;29.84
19/06/2006;28.94
20/06/2006;29.18
21/06/2006;29.19
22/06/2006;29.25
23/06/2006;29.19
26/06/2006;28.55
27/06/2006;28.76
28/06/2006;29.16
29/06/2006;29.04
30/06/2006;29.17
03/07/2006;29.39
04/07/2006;29.57
05/07/2006;29.46
06/07/2006;29.9
07/07/2006;29.49
10/07/2006;29.54
11/07/2006;30.08
12/07/2006;29.74
13/07/2006;29.76
14/07/2006;29.9
17/07/2006;29.42
18/07/2006;29.51
19/07/2006;29.35
20/07/2006;29.38
21/07/2006;29.35
24/07/2006;29.37
25/07/2006;29.95
26/07/2006;30.14
27/07/2006;29.5
28/07/2006;29.49
31/07/2006;29.3
01/08/2006;29.27
02/08/2006;29.83
03/08/2006;29.56
04/08/2006;29.76
07/08/2006;29.15
08/08/2006;29.14
09/08/2006;29.01
10/08/2006;29.05
11/08/2006;29.01
14/08/2006;29.03
15/08/2006;28.95
16/08/2006;28.56
17/08/2006;28.57
18/08/2006;28.49
21/08/2006;28.49
22/08/2006;28.37
23/08/2006;28.82
24/08/2006;28.89
25/08/2006;28.66
28/08/2006;28.37
29/08/2006;28.5
30/08/2006;28.71
31/08/2006;28.8
01/09/2006;28.65
04/09/2006;28.58
05/09/2006;28.69
06/09/2006;28.89
08/09/2006;29.03
11/09/2006;28.84
12/09/2006;28.79
13/09/2006;29.08
14/09/2006;28.82
15/09/2006;28.87
18/09/2006;28.84
19/09/2006;28.86
20/09/2006;29.33
21/09/2006;29.54
22/09/2006;29.58
25/09/2006;29.47
26/09/2006;29.38
27/09/2006;29.47
28/09/2006;29.65
29/09/2006;29.62
02/10/2006;29.66
03/10/2006;30.04
04/10/2006;30.55
05/10/2006;30.66
06/10/2006;30.37
09/10/2006;31
10/10/2006;30.98
11/10/2006;31.09
13/10/2006;30.99
16/10/2006;31.05
17/10/2006;31.86
18/10/2006;32.94
19/10/2006;33.39
20/10/2006;33.69
23/10/2006;33.6
24/10/2006;33.7
25/10/2006;33.64
26/10/2006;33.89
27/10/2006;33.78
30/10/2006;34.08
31/10/2006;33.69
01/11/2006;33.56
03/11/2006;33.75
06/11/2006;33.8
07/11/2006;33.52
08/11/2006;34.06
09/11/2006;34.24
10/11/2006;34.17
13/11/2006;34.06
14/11/2006;34.18
16/11/2006;34.38
17/11/2006;34.5
20/11/2006;34.69
21/11/2006;35.08
22/11/2006;35
23/11/2006;35.04
24/11/2006;35.04
27/11/2006;34.73
28/11/2006;34.71
29/11/2006;34.5
30/11/2006;34.42
01/12/2006;34.35
04/12/2006;33.67
05/12/2006;33.4
06/12/2006;33.63
07/12/2006;32.83
08/12/2006;33.06
11/12/2006;33.14
12/12/2006;33.12
13/12/2006;32.87
14/12/2006;33.25
15/12/2006;33.33
18/12/2006;33.38
19/12/2006;33
20/12/2006;33.17
21/12/2006;33.2
22/12/2006;33
26/12/2006;33.5
27/12/2006;33.57
28/12/2006;33.5
02/01/2007;34
03/01/2007;33.5
04/01/2007;33.67
05/01/2007;33.67
08/01/2007;33.78
09/01/2007;33.58
10/01/2007;33.16
11/01/2007;33.3
12/01/2007;33.2
15/01/2007;33.5
16/01/2007;33.82
17/01/2007;34.1
18/01/2007;34.1
19/01/2007;34.1
22/01/2007;33.6
23/01/2007;33.91
24/01/2007;33.59
25/01/2007;33.51
26/01/2007;33.46
29/01/2007;33.64
30/01/2007;33.64
31/01/2007;34.05
01/02/2007;33.77
02/02/2007;33.72
05/02/2007;34.01
06/02/2007;33.94
07/02/2007;34.05
08/02/2007;34.18
09/02/2007;34.33
12/02/2007;34.48
13/02/2007;34.54
14/02/2007;34.73
15/02/2007;34.82
16/02/2007;35.01
21/02/2007;35.01
22/02/2007;35.59
23/02/2007;35.76
26/02/2007;35.82
27/02/2007;35.44
28/02/2007;35.57
01/03/2007;35
02/03/2007;34.73
05/03/2007;34.34
06/03/2007;34.33
07/03/2007;34.67
08/03/2007;34.89
09/03/2007;34.62
12/03/2007;34.56
13/03/2007;34.61
14/03/2007;34.27
15/03/2007;34.04
16/03/2007;33.99
19/03/2007;33.84
20/03/2007;33.74
21/03/2007;33.77
22/03/2007;33.29
23/03/2007;33.29
26/03/2007;32.82
27/03/2007;33.07
28/03/2007;33.35
29/03/2007;33.54
30/03/2007;33.37
02/04/2007;33.43
03/04/2007;33.07
04/04/2007;32.91
05/04/2007;32.81
09/04/2007;32.23
10/04/2007;31.69
11/04/2007;31.81
12/04/2007;31.75
13/04/2007;31.65
16/04/2007;31.75
17/04/2007;31.5
18/04/2007;31.32
19/04/2007;31.71
20/04/2007;31.73
23/04/2007;31.66
24/04/2007;31.42
25/04/2007;31.67
26/04/2007;31.56
27/04/2007;31.63
30/04/2007;31.82
02/05/2007;32.17
03/05/2007;32.3
04/05/2007;32.18
07/05/2007;31.91
08/05/2007;31.75
09/05/2007;31.83
10/05/2007;31.82
11/05/2007;32.11
14/05/2007;32.22
15/05/2007;32.03
16/05/2007;32.04
17/05/2007;32.01
18/05/2007;31.99
21/05/2007;31.92
22/05/2007;32.06
23/05/2007;32.24
24/05/2007;32.45
25/05/2007;32.44
28/05/2007;32.42
29/05/2007;32.07
30/05/2007;32.31
31/05/2007;32.45
01/06/2007;32.22
04/06/2007;32.28
05/06/2007;32.69
06/06/2007;32.99
08/06/2007;32.92
11/06/2007;33.19
12/06/2007;33.02
13/06/2007;33.12
14/06/2007;33.21
15/06/2007;33.26
18/06/2007;33.36
19/06/2007;33.12
20/06/2007;33.44
21/06/2007;33.19
22/06/2007;32.81
25/06/2007;32.3
26/06/2007;32.59
27/06/2007;32.81
28/06/2007;32.73
29/06/2007;33.61
02/07/2007;34.13
03/07/2007;33.98
04/07/2007;33.78
05/07/2007;34.05
06/07/2007;34.11
09/07/2007;34.13
10/07/2007;34.53
11/07/2007;34.58
12/07/2007;34.83
13/07/2007;34.85
16/07/2007;34.01
17/07/2007;33.02
18/07/2007;32.72
19/07/2007;32.47
20/07/2007;32.96
23/07/2007;32.15
24/07/2007;32.24
25/07/2007;32.54
26/07/2007;33.5
27/07/2007;33.73
30/07/2007;33.82
31/07/2007;34.21
01/08/2007;34.48
02/08/2007;34.87
03/08/2007;35.23
06/08/2007;35.1
07/08/2007;35.49
08/08/2007;36.05
09/08/2007;36.61
10/08/2007;36.73
13/08/2007;37.41
14/08/2007;37.52
15/08/2007;37.43
16/08/2007;36.83
17/08/2007;36.82
20/08/2007;37.11
21/08/2007;37.43
22/08/2007;37.49
23/08/2007;37.94
24/08/2007;38.01
27/08/2007;37.94
28/08/2007;38.49
29/08/2007;38.98
30/08/2007;39.74
31/08/2007;39.74
03/09/2007;39.63
04/09/2007;40.45
05/09/2007;40.9
06/09/2007;40.29
10/09/2007;40.43
11/09/2007;40.4
12/09/2007;41.27
13/09/2007;40.61
14/09/2007;40.86
17/09/2007;41.7
18/09/2007;41.43
19/09/2007;41.31
20/09/2007;41.59
21/09/2007;41.7
24/09/2007;41.93
25/09/2007;41.98
26/09/2007;42.54
27/09/2007;43.09
28/09/2007;42.62
01/10/2007;42.18
02/10/2007;41.24
03/10/2007;41.19
04/10/2007;42.07
05/10/2007;41.34
08/10/2007;40.97
09/10/2007;41.81
10/10/2007;42.81
11/10/2007;43.26
15/10/2007;43.15
16/10/2007;42.63
17/10/2007;42.78
18/10/2007;42.64
19/10/2007;42.41
22/10/2007;41.63
23/10/2007;42.13
24/10/2007;42.36
25/10/2007;42.04
26/10/2007;42.46
29/10/2007;42.81
30/10/2007;42.14
31/10/2007;42.29
01/11/2007;41.66
05/11/2007;41.92
06/11/2007;42.23
07/11/2007;42.16
08/11/2007;42.39
09/11/2007;42.36
12/11/2007;42.39
13/11/2007;42.63
14/11/2007;43.57
16/11/2007;43.42
19/11/2007;43
20/11/2007;42.71
21/11/2007;43.21
22/11/2007;43.04
23/11/2007;43.45
26/11/2007;43.33
27/11/2007;44
28/11/2007;43.5
29/11/2007;44.34
30/11/2007;43.89
03/12/2007;43.48
04/12/2007;43.28
05/12/2007;43.06
06/12/2007;42.87
07/12/2007;42.9
10/12/2007;42.68
11/12/2007;42.83
12/12/2007;43.6
13/12/2007;43.55
14/12/2007;44.11
17/12/2007;44
18/12/2007;44.41
19/12/2007;45.08
20/12/2007;45.32
21/12/2007;45.64
26/12/2007;45.36
27/12/2007;45.33
28/12/2007;45.03
02/01/2008;45.13
03/01/2008;46.28
04/01/2008;46.66
07/01/2008;47.05
08/01/2008;47.46
09/01/2008;48.21
10/01/2008;48.35
11/01/2008;48.58
14/01/2008;49.06
15/01/2008;48.93
16/01/2008;48.26
17/01/2008;49
18/01/2008;48.81
21/01/2008;48.83
22/01/2008;48.38
23/01/2008;47.92
24/01/2008;47.7
25/01/2008;48
28/01/2008;47.92
29/01/2008;48.12
30/01/2008;47.87
31/01/2008;47.89
01/02/2008;48.25
06/02/2008;49.46
07/02/2008;49.5
08/02/2008;50.38
11/02/2008;50.04
12/02/2008;49.9
13/02/2008;49.45
14/02/2008;49.91
15/02/2008;50.13
18/02/2008;50.13
19/02/2008;50.3
20/02/2008;50.04
21/02/2008;49.94
22/02/2008;49.86
25/02/2008;50.71
26/02/2008;50.35
27/02/2008;50.03
28/02/2008;50.32
29/02/2008;51.18
03/03/2008;52.6
04/03/2008;51.97
05/03/2008;51.84
06/03/2008;49.5
07/03/2008;48.39
10/03/2008;47.68
11/03/2008;48.95
12/03/2008;47.82
13/03/2008;49.21
14/03/2008;48.53
17/03/2008;46.45
18/03/2008;46.33
19/03/2008;44.99
20/03/2008;44.36
24/03/2008;45.69
25/03/2008;47.92
26/03/2008;49.27
27/03/2008;48.8
28/03/2008;46.92
31/03/2008;44
01/04/2008;44.98
02/04/2008;45.55
03/04/2008;45.81
04/04/2008;46
07/04/2008;46.11
08/04/2008;45.59
09/04/2008;46.14
10/04/2008;47.26
11/04/2008;46.86
14/04/2008;47.8
15/04/2008;48.43
16/04/2008;47.5
17/04/2008;46.86
18/04/2008;47.08
22/04/2008;47.42
23/04/2008;47.67
24/04/2008;47.52
25/04/2008;47.28
28/04/2008;46
29/04/2008;46.4
30/04/2008;46.91
02/05/2008;45.53
05/05/2008;45.29
06/05/2008;45.76
07/05/2008;46.05
08/05/2008;46.6
09/05/2008;47.4
12/05/2008;46.94
13/05/2008;46.99
14/05/2008;47.28
15/05/2008;46.64
16/05/2008;47.36
19/05/2008;46.11
20/05/2008;46.35
21/05/2008;46.24
23/05/2008;47.1
26/05/2008;47.24
27/05/2008;47.36
28/05/2008;47.6
29/05/2008;46.57
30/05/2008;46.67
02/06/2008;47.2
03/06/2008;47.27
04/06/2008;47.68
05/06/2008;49.4
06/06/2008;50.52
09/06/2008;50.45
10/06/2008;50.11
11/06/2008;52.37
12/06/2008;53.19
13/06/2008;54.03
16/06/2008;53.38
17/06/2008;54.07
18/06/2008;55.12
19/06/2008;54.43
20/06/2008;54.91
23/06/2008;53.52
24/06/2008;53.19
25/06/2008;53.41
26/06/2008;54.62
27/06/2008;55.29
30/06/2008;55.26
01/07/2008;56.12
02/07/2008;56.1
03/07/2008;56.83
04/07/2008;57.02
07/07/2008;54.64
08/07/2008;53.98
09/07/2008;54.77
10/07/2008;55.66
11/07/2008;56.13
14/07/2008;55.07
15/07/2008;54.43
16/07/2008;54.71
17/07/2008;53.87
18/07/2008;52.92
21/07/2008;50.3
22/07/2008;50.04
23/07/2008;49.63
24/07/2008;49.42
25/07/2008;49.74
28/07/2008;49.85
29/07/2008;48.9
30/07/2008;48.82
31/07/2008;49.17
01/08/2008;48.18
04/08/2008;45.72
05/08/2008;45.16
06/08/2008;44.31
07/08/2008;45.45
08/08/2008;44.88
11/08/2008;44.85
12/08/2008;45.12
13/08/2008;46.51
14/08/2008;45.93
15/08/2008;45.35
18/08/2008;46.88
19/08/2008;47.46
20/08/2008;47.23
21/08/2008;48.42
22/08/2008;47.86
25/08/2008;48.9
26/08/2008;49.15
27/08/2008;49.04
28/08/2008;48.36
29/08/2008;48.85
01/09/2008;48.73
02/09/2008;47.76
03/09/2008;47.38
04/09/2008;47.7
05/09/2008;46.99
08/09/2008;46.61
09/09/2008;47.19
10/09/2008;47.75
11/09/2008;48.44
12/09/2008;48.28
15/09/2008;48.63
16/09/2008;47.47
17/09/2008;48.11
18/09/2008;48.78
19/09/2008;48.04
22/09/2008;48.91
23/09/2008;48.93
24/09/2008;49.68
25/09/2008;49.32
26/09/2008;49.14
29/09/2008;48.29
30/09/2008;46.97
01/10/2008;47.47
02/10/2008;46.84
03/10/2008;46.94
06/10/2008;46.55
07/10/2008;47.47
08/10/2008;49.17
09/10/2008;48.9
10/10/2008;48.3
13/10/2008;46.69
14/10/2008;45.24
15/10/2008;44.39
16/10/2008;43.9
17/10/2008;44.66
20/10/2008;44.91
21/10/2008;45.66
22/10/2008;47.83
23/10/2008;48.25
24/10/2008;47.44
27/10/2008;46.83
28/10/2008;46.33
29/10/2008;46.82
30/10/2008;46.32
31/10/2008;46.12
03/11/2008;47.12
04/11/2008;47.18
05/11/2008;46.16
06/11/2008;45.08
07/11/2008;46.3
10/11/2008;46.58
11/11/2008;46.5
12/11/2008;47.57
13/11/2008;48.28
14/11/2008;47.63
17/11/2008;48.32
18/11/2008;48.26
19/11/2008;49.3
20/11/2008;48.2
21/11/2008;48.32
24/11/2008;48.01
25/11/2008;47.02
26/11/2008;47.44
27/11/2008;46.5
28/11/2008;46.64
01/12/2008;46.16
02/12/2008;46.34
03/12/2008;46.28
04/12/2008;46.27
05/12/2008;46.17
08/12/2008;45.47
09/12/2008;45.93
10/12/2008;46.18
11/12/2008;45.86
12/12/2008;45.83
15/12/2008;46.53
16/12/2008;46.66
17/12/2008;46.53
18/12/2008;46.45
19/12/2008;46.78
22/12/2008;47.29
23/12/2008;47.77
26/12/2008;48.17
29/12/2008;48.67
30/12/2008;49.3
02/01/2009;49.67
05/01/2009;49.67
06/01/2009;50.09
07/01/2009;50.43
08/01/2009;49.95
09/01/2009;51.02
12/01/2009;50.4
13/01/2009;50.1
14/01/2009;50.93
15/01/2009;51.32
16/01/2009;51.98
19/01/2009;52.14
20/01/2009;52.13
21/01/2009;52.08
22/01/2009;51.9
23/01/2009;52.83
26/01/2009;52.81
27/01/2009;51.42
28/01/2009;49.82
29/01/2009;50.15
30/01/2009;50.53
02/02/2009;50.29
03/02/2009;49.95
04/02/2009;49.88
05/02/2009;50.28
06/02/2009;50.47
09/02/2009;51.18
10/02/2009;50.9
11/02/2009;51.02
12/02/2009;51
13/02/2009;50.71
16/02/2009;50.03
17/02/2009;48.42
18/02/2009;48.66
19/02/2009;47.75
20/02/2009;46.64
25/02/2009;46.36
26/02/2009;46.14
27/02/2009;46.57
02/03/2009;46.73
03/03/2009;47.27
04/03/2009;47.31
05/03/2009;46.65
06/03/2009;47.26
09/03/2009;47.25
10/03/2009;47.42
11/03/2009;47.19
12/03/2009;46.6
13/03/2009;46.75
16/03/2009;47.18
17/03/2009;47.59
18/03/2009;47.85
19/03/2009;47.87
20/03/2009;48.18
23/03/2009;49.3
24/03/2009;49.34
25/03/2009;49.01
26/03/2009;48.32
27/03/2009;47.41
30/03/2009;47.33
31/03/2009;48.82
01/04/2009;48.91
02/04/2009;48.91
03/04/2009;48.73
06/04/2009;48.93
07/04/2009;49.22
08/04/2009;49.45
09/04/2009;49.54
13/04/2009;49.43
14/04/2009;50.3
15/04/2009;50.64
16/04/2009;50.99
17/04/2009;51.9
20/04/2009;51.5
22/04/2009;51.62
23/04/2009;51.7
24/04/2009;51.18
27/04/2009;50.28
28/04/2009;49.19
29/04/2009;49.45
30/04/2009;51.34
04/05/2009;53.12
05/05/2009;53.19
06/05/2009;53.06
07/05/2009;52.7
08/05/2009;51.53
11/05/2009;51.2
12/05/2009;51.71
13/05/2009;53.06
14/05/2009;53.41
15/05/2009;53.51
18/05/2009;53.4
19/05/2009;53.4
20/05/2009;52.98
21/05/2009;52.88
22/05/2009;53.01
25/05/2009;52.96
26/05/2009;52.5
27/05/2009;52.87
28/05/2009;52.96
29/05/2009;52.17
01/06/2009;52.44
02/06/2009;52.07
03/06/2009;52
04/06/2009;52.78
05/06/2009;53.19
08/06/2009;53.72
09/06/2009;53.37
10/06/2009;53.44
12/06/2009;52.44
15/06/2009;51.19
16/06/2009;51.18
17/06/2009;52.25
18/06/2009;52.36
19/06/2009;51.81
22/06/2009;51.42
23/06/2009;51.93
24/06/2009;52.18
25/06/2009;52.63
26/06/2009;52.33
29/06/2009;52.53
30/06/2009;52.47
01/07/2009;53.27
02/07/2009;53.74
03/07/2009;53.25
06/07/2009;52.98
07/07/2009;50.98
08/07/2009;50.18
09/07/2009;49.93
10/07/2009;50.29
13/07/2009;50.03
14/07/2009;49.7
15/07/2009;49.66
16/07/2009;47.94
17/07/2009;47.67
20/07/2009;47.54
21/07/2009;47.22
22/07/2009;47.21
23/07/2009;47.69
24/07/2009;48.21
27/07/2009;48.27
28/07/2009;49.43
29/07/2009;49.89
30/07/2009;51.87
31/07/2009;51.56
03/08/2009;51.75
04/08/2009;51.55
05/08/2009;51.08
06/08/2009;50.97
07/08/2009;51.27
10/08/2009;50.58
11/08/2009;51.46
12/08/2009;51.2
13/08/2009;51.13
14/08/2009;50.28
17/08/2009;48.59
18/08/2009;47.86
19/08/2009;47.67
20/08/2009;48
21/08/2009;48.23
24/08/2009;49.4
25/08/2009;49.82
26/08/2009;50.02
27/08/2009;50.23
28/08/2009;50.43
31/08/2009;49.7
01/09/2009;49.21
02/09/2009;48.4
03/09/2009;48.5
04/09/2009;47.88
08/09/2009;48.67
09/09/2009;48.22
10/09/2009;47.21
11/09/2009;46.4
14/09/2009;46.3
15/09/2009;46.25
16/09/2009;47
17/09/2009;46.4
18/09/2009;46.5
21/09/2009;45.5
22/09/2009;45
23/09/2009;44.64
24/09/2009;44.8
25/09/2009;43.4
28/09/2009;44.1
29/09/2009;43.6
30/09/2009;43.62
01/10/2009;43.72
02/10/2009;43.25
05/10/2009;43.28
06/10/2009;43.83
07/10/2009;44.1
08/10/2009;44.17
09/10/2009;44.17
13/10/2009;44.5
14/10/2009;44.6
15/10/2009;45.08
16/10/2009;44.25
19/10/2009;44.5
20/10/2009;44
21/10/2009;44
22/10/2009;44.13
23/10/2009;44.5
26/10/2009;43.42
27/10/2009;44.13
28/10/2009;43.41
29/10/2009;43.17
30/10/2009;43
03/11/2009;42.67
04/11/2009;43.83
05/11/2009;44.25
06/11/2009;43.73
09/11/2009;43.67
10/11/2009;42.83
11/11/2009;42.2
12/11/2009;42.5
13/11/2009;41.25
16/11/2009;42.25
17/11/2009;41.25
18/11/2009;40.63
19/11/2009;41.57
20/11/2009;41.86
23/11/2009;41.1
24/11/2009;40.9
25/11/2009;40.92
26/11/2009;41.08
27/11/2009;40.83
30/11/2009;40.92
01/12/2009;41.17
02/12/2009;40.95
03/12/2009;40.43
04/12/2009;40.58
07/12/2009;41.17
08/12/2009;41.83
09/12/2009;42
10/12/2009;41.5
11/12/2009;41.38
14/12/2009;41.67
15/12/2009;40.5
16/12/2009;41.38
17/12/2009;41.5
18/12/2009;41.67
21/12/2009;41.33
22/12/2009;41.33
23/12/2009;41.33
28/12/2009;42
29/12/2009;42
30/12/2009;42
04/01/2010;42
05/01/2010;42
06/01/2010;41.5
07/01/2010;42
08/01/2010;42
11/01/2010;40.4
12/01/2010;41
13/01/2010;41
14/01/2010;40
15/01/2010;40
18/01/2010;40
19/01/2010;39.6
20/01/2010;39.33
21/01/2010;39.13
22/01/2010;39.22
25/01/2010;39.4
26/01/2010;39.07
27/01/2010;39
28/01/2010;38.88
29/01/2010;38.8
01/02/2010;38.12
02/02/2010;38.04
03/02/2010;37.78
04/02/2010;37.66
05/02/2010;37.65
08/02/2010;38.09
09/02/2010;37.77
10/02/2010;37.93
11/02/2010;38.29
12/02/2010;38.42
17/02/2010;38.15
18/02/2010;38.17
19/02/2010;38.34
22/02/2010;38.45
23/02/2010;39.18
24/02/2010;38.97
25/02/2010;38.6
26/02/2010;38.73
01/03/2010;38.27
02/03/2010;38.06
03/03/2010;38.32
04/03/2010;37.54
05/03/2010;37
08/03/2010;36.99
09/03/2010;37.11
10/03/2010;37.25
11/03/2010;36.75
12/03/2010;36.38
15/03/2010;36.16
16/03/2010;36.54
17/03/2010;36.56
18/03/2010;36.97
19/03/2010;37.44
22/03/2010;38
23/03/2010;37.88
24/03/2010;37.53
25/03/2010;37.58
26/03/2010;37.76
29/03/2010;38.36
30/03/2010;38.04
31/03/2010;37.34
01/04/2010;36.31
05/04/2010;36.14
06/04/2010;36.23
07/04/2010;36.53
08/04/2010;36.91
09/04/2010;37.3
12/04/2010;37.3
13/04/2010;37.53
14/04/2010;37.23
15/04/2010;37.26
16/04/2010;37.66
19/04/2010;37.61
20/04/2010;37.7
22/04/2010;38.35
23/04/2010;38.74
26/04/2010;38.39
27/04/2010;38.04
28/04/2010;37.95
29/04/2010;37.84
30/04/2010;37.66
03/05/2010;37.67
04/05/2010;37.84
05/05/2010;38.43
06/05/2010;39.1
07/05/2010;38.97
10/05/2010;37.76
11/05/2010;37.62
12/05/2010;37.76
13/05/2010;37.83
14/05/2010;38.14
17/05/2010;38.05
18/05/2010;38.01
19/05/2010;38.63
20/05/2010;39.37
21/05/2010;39.04
24/05/2010;39.01
25/05/2010;39.07
26/05/2010;38.62
27/05/2010;38.58
28/05/2010;38.41
31/05/2010;38.44
01/06/2010;38.03
02/06/2010;38.39
04/06/2010;38.95
07/06/2010;39.07
08/06/2010;39.22
09/06/2010;39.32
10/06/2010;38.72
11/06/2010;38.34
14/06/2010;38.77
15/06/2010;38.8
16/06/2010;38.79
17/06/2010;38.69
18/06/2010;38.57
21/06/2010;38.59
22/06/2010;38.78
23/06/2010;39.36
24/06/2010;39.29
25/06/2010;39.07
28/06/2010;39.13
29/06/2010;39.57
30/06/2010;39.62
01/07/2010;39.55
02/07/2010;39.53
05/07/2010;39.39
06/07/2010;39.55
07/07/2010;39.86
08/07/2010;40.37
09/07/2010;40.57
12/07/2010;40.9
13/07/2010;41.07
14/07/2010;41.17
15/07/2010;41.55
16/07/2010;42.18
19/07/2010;42.44
20/07/2010;42.34
21/07/2010;42.51
22/07/2010;42.65
23/07/2010;42.43
26/07/2010;42.04
27/07/2010;42.01
28/07/2010;42.22
29/07/2010;42.75
30/07/2010;42.97
02/08/2010;43.02
03/08/2010;43
04/08/2010;43.18
05/08/2010;43.44
06/08/2010;43.57
09/08/2010;43.94
10/08/2010;43.83
11/08/2010;43.67
12/08/2010;44
13/08/2010;44.47
16/08/2010;44.41
17/08/2010;44.51
18/08/2010;44.46
19/08/2010;44.41
20/08/2010;43.93
23/08/2010;44.03
24/08/2010;43.49
25/08/2010;43.43
26/08/2010;43.55
27/08/2010;43.84
30/08/2010;44.08
31/08/2010;44.1
01/09/2010;43.69
02/09/2010;43.79
03/09/2010;44.07
06/09/2010;44.14
08/09/2010;44.52
09/09/2010;44.54
10/09/2010;44.32
13/09/2010;43.99
14/09/2010;44.22
15/09/2010;44.71
16/09/2010;44.27
17/09/2010;44.65
20/09/2010;45.26
21/09/2010;45.66
22/09/2010;45.6
23/09/2010;45.47
24/09/2010;45.5
27/09/2010;45.93
28/09/2010;45.69
29/09/2010;45.23
30/09/2010;44.46
01/10/2010;44.06
04/10/2010;43.31
05/10/2010;43.14
06/10/2010;43.46
07/10/2010;43.27
08/10/2010;44.35
11/10/2010;45.04
13/10/2010;45.5
14/10/2010;46.14
15/10/2010;46.18
18/10/2010;45.55
19/10/2010;45.94
20/10/2010;46.33
21/10/2010;46.67
22/10/2010;47
25/10/2010;47.36
26/10/2010;47.82
27/10/2010;47.54
28/10/2010;47.87
29/10/2010;47.9
01/11/2010;47.96
03/11/2010;47.94
04/11/2010;48.11
05/11/2010;48.38
08/11/2010;49.51
09/11/2010;50.75
10/11/2010;50.8
11/11/2010;51
12/11/2010;50.58
16/11/2010;48.56
17/11/2010;48.75
18/11/2010;48.44
19/11/2010;48.52
22/11/2010;49.13
23/11/2010;48.83
24/11/2010;49.2
25/11/2010;49.28
26/11/2010;49.13
29/11/2010;49.39
30/11/2010;49.2
01/12/2010;49.21
02/12/2010;49.48
03/12/2010;49.53
06/12/2010;49.7
07/12/2010;49.2
08/12/2010;49.5
09/12/2010;49.33
10/12/2010;49.09
13/12/2010;49.18
14/12/2010;49.81
15/12/2010;49.55
16/12/2010;49.65
17/12/2010;49.83
20/12/2010;49.4
21/12/2010;49.69
22/12/2010;49.71
23/12/2010;49.81
27/12/2010;49.71
28/12/2010;50.13
29/12/2010;50
30/12/2010;49.88
03/01/2011;49.88
04/01/2011;49.79
05/01/2011;49.71
06/01/2011;50.5
07/01/2011;50
10/01/2011;50.59
11/01/2011;50.55
12/01/2011;51.01
13/01/2011;51
14/01/2011;52
17/01/2011;51.28
18/01/2011;51.38
19/01/2011;50.8
20/01/2011;51.29
21/01/2011;51.5
24/01/2011;51.43
25/01/2011;51.4
26/01/2011;50.25
27/01/2011;50.08
28/01/2011;50.62
31/01/2011;51.31
01/02/2011;51.82
02/02/2011;51.83
03/02/2011;52.25
04/02/2011;51
07/02/2011;52.46
08/02/2011;52.97
09/02/2011;52.86
10/02/2011;53.03
11/02/2011;52.97
14/02/2011;52.64
15/02/2011;51.7
16/02/2011;51.19
17/02/2011;51.42
18/02/2011;51.31
21/02/2011;51.55
22/02/2011;50.01
23/02/2011;48.67
24/02/2011;48.6
25/02/2011;49.61
28/02/2011;49.9
01/03/2011;49.85
02/03/2011;50.62
03/03/2011;50.75
04/03/2011;50.89
09/03/2011;49.81
10/03/2011;49.7
11/03/2011;49.41
14/03/2011;49.2
15/03/2011;49.2
16/03/2011;47.61
17/03/2011;48.71
18/03/2011;50.35
21/03/2011;50.04
22/03/2011;49.81
23/03/2011;49.6
24/03/2011;49.03
25/03/2011;49.15
28/03/2011;49.09
29/03/2011;49.16
30/03/2011;49.16
31/03/2011;49.3
01/04/2011;48.99
04/04/2011;48.4
05/04/2011;48.4
06/04/2011;47.98
07/04/2011;48.5
08/04/2011;47
11/04/2011;47
12/04/2011;46.72
13/04/2011;46.64
14/04/2011;45.68
15/04/2011;45.69
18/04/2011;46.48
19/04/2011;46.48
20/04/2011;46.75
25/04/2011;47.09
26/04/2011;47.05
27/04/2011;47.28
28/04/2011;47.22
29/04/2011;47.23
02/05/2011;47.7
03/05/2011;47.5
04/05/2011;47
05/05/2011;46.31
06/05/2011;47
09/05/2011;47
10/05/2011;47
11/05/2011;46.75
12/05/2011;47.04
13/05/2011;47.08
16/05/2011;47.19
17/05/2011;47.64
18/05/2011;48.12
19/05/2011;48.18
20/05/2011;48.59
23/05/2011;48.63
24/05/2011;48.84
25/05/2011;49.06
26/05/2011;49.04
27/05/2011;48.59
30/05/2011;49
31/05/2011;49
01/06/2011;47.91
02/06/2011;48.55
03/06/2011;48.91
06/06/2011;48.94
07/06/2011;47.88
08/06/2011;48.48
09/06/2011;48.77
10/06/2011;48.2
13/06/2011;48.06
14/06/2011;48.77
15/06/2011;47.85
16/06/2011;47.89
17/06/2011;47.5
20/06/2011;47.5
21/06/2011;47.35
22/06/2011;47.35
24/06/2011;47.35
27/06/2011;47
28/06/2011;47.21
29/06/2011;47
30/06/2011;47
01/07/2011;46.13
04/07/2011;46.13
05/07/2011;47.06
06/07/2011;47.13
07/07/2011;47.16
08/07/2011;47.83
11/07/2011;48.13
12/07/2011;48.6
13/07/2011;48.98
14/07/2011;49.59
15/07/2011;49.62
18/07/2011;49.36
19/07/2011;49.56
20/07/2011;49.63
21/07/2011;48.73
22/07/2011;49.2
25/07/2011;49
26/07/2011;49
27/07/2011;49.75
28/07/2011;49.44
29/07/2011;48.52
01/08/2011;48.07
02/08/2011;48.52
03/08/2011;48.64
04/08/2011;48.25
05/08/2011;48.25
08/08/2011;47.78
09/08/2011;49.24
10/08/2011;48.64
11/08/2011;50.06
12/08/2011;50.02
15/08/2011;48.81
16/08/2011;48.5
17/08/2011;48.68
18/08/2011;48.75
19/08/2011;49
22/08/2011;49.34
23/08/2011;50.1
24/08/2011;50.1
25/08/2011;50.23
26/08/2011;50.75
29/08/2011;51.26
30/08/2011;51.2
31/08/2011;51.63
01/09/2011;51.72
02/09/2011;52.42
05/09/2011;52.42
06/09/2011;51.69
08/09/2011;51.63
09/09/2011;52.74
12/09/2011;52.5
13/09/2011;52.23
14/09/2011;53
15/09/2011;53
16/09/2011;51.5
19/09/2011;52.28
20/09/2011;52.84
21/09/2011;53.82
22/09/2011;53.13
23/09/2011;52.25
26/09/2011;51.14
27/09/2011;50.86
28/09/2011;50.86
29/09/2011;50
30/09/2011;48.64
03/10/2011;49
04/10/2011;48
05/10/2011;47.22
06/10/2011;47.22
07/10/2011;47.22
10/10/2011;47.22
11/10/2011;47.22
13/10/2011;48.24
14/10/2011;48.88
17/10/2011;48.99
18/10/2011;48.82
19/10/2011;48.41
20/10/2011;49.5
21/10/2011;49.22
24/10/2011;49.22
25/10/2011;48.5
26/10/2011;48.89
27/10/2011;49.2
28/10/2011;49.2
31/10/2011;49.2
01/11/2011;47
03/11/2011;48
04/11/2011;48.17
07/11/2011;48.17
08/11/2011;48.17
09/11/2011;48.17
10/11/2011;47.5
11/11/2011;47.5
14/11/2011;47.5
16/11/2011;48.23
17/11/2011;47.97
18/11/2011;47.12
21/11/2011;47.12
22/11/2011;47.12
23/11/2011;48
24/11/2011;47.6
25/11/2011;47.93
28/11/2011;47.82
29/11/2011;47.82
30/11/2011;47.82
01/12/2011;47.82
02/12/2011;47.82
05/12/2011;47.82
06/12/2011;47.82
07/12/2011;47.82
08/12/2011;47.82
09/12/2011;46.5
12/12/2011;46.5
13/12/2011;46.92
14/12/2011;46.92
15/12/2011;46.92
16/12/2011;47.5
19/12/2011;47.5
20/12/2011;47.5
21/12/2011;47.5
22/12/2011;47.5
23/12/2011;47.5
26/12/2011;47.5
27/12/2011;49.5
28/12/2011;49.5
29/12/2011;49.5
02/01/2012;49.5
03/01/2012;50.75
04/01/2012;50.75
05/01/2012;50.75
06/01/2012;50.75
09/01/2012;50.75
10/01/2012;50.75
11/01/2012;50.75
12/01/2012;50.75
13/01/2012;50.75
16/01/2012;50.75
17/01/2012;50.75
18/01/2012;47.5
19/01/2012;47.85
20/01/2012;47.85
23/01/2012;48.5
24/01/2012;48.73
25/01/2012;48.81
26/01/2012;48.5
27/01/2012;48.22
30/01/2012;48.22
31/01/2012;48.22
01/02/2012;48
02/02/2012;48
03/02/2012;48
06/02/2012;48
07/02/2012;48
08/02/2012;48.62
09/02/2012;48
10/02/2012;48
13/02/2012;48.46
14/02/2012;49.67
15/02/2012;50.18
16/02/2012;50.68
17/02/2012;50.5
22/02/2012;50.5
23/02/2012;50.5
24/02/2012;50.88
27/02/2012;50.17
28/02/2012;50.5
29/02/2012;50.5
01/03/2012;51.5
02/03/2012;52
05/03/2012;52.25
06/03/2012;53
07/03/2012;53
08/03/2012;53.25
09/03/2012;54.26
12/03/2012;54.93
13/03/2012;55.2
14/03/2012;55.75
15/03/2012;55.78
16/03/2012;56.02
19/03/2012;55.55
20/03/2012;55.68
21/03/2012;55.76
22/03/2012;55.76
23/03/2012;55.73
26/03/2012;56.3
27/03/2012;56.25
28/03/2012;56.54
29/03/2012;56.08
30/03/2012;57.8
02/04/2012;58.75
03/04/2012;58.24
04/04/2012;58.29
05/04/2012;58.88
09/04/2012;58.72
10/04/2012;59.17
11/04/2012;59.19
12/04/2012;59.77
13/04/2012;59.98
16/04/2012;59
17/04/2012;59.84
18/04/2012;60.1
19/04/2012;60.82
20/04/2012;60.5
23/04/2012;62
24/04/2012;61.75
25/04/2012;62.68
26/04/2012;62.73
27/04/2012;63.3
30/04/2012;63.19
02/05/2012;62.6
03/05/2012;63.88
04/05/2012;63.88
07/05/2012;63.74
08/05/2012;63.5
09/05/2012;63.29
10/05/2012;63.75
11/05/2012;62.81
14/05/2012;62.8
15/05/2012;63.82
16/05/2012;63.81
17/05/2012;64.33
18/05/2012;65.11
21/05/2012;65.44
22/05/2012;65.05
23/05/2012;64.25
24/05/2012;64.17
25/05/2012;64.17
28/05/2012;64.17
29/05/2012;62.78
30/05/2012;63
31/05/2012;63
01/06/2012;62.78
04/06/2012;63
05/06/2012;63.38
06/06/2012;63.76
08/06/2012;66.35
11/06/2012;67
12/06/2012;67
13/06/2012;67
14/06/2012;67.88
15/06/2012;66.85
18/06/2012;67.08
19/06/2012;68.17
20/06/2012;68.86
21/06/2012;69.27
22/06/2012;70
25/06/2012;71.88
26/06/2012;71.83
27/06/2012;72.91
28/06/2012;73
29/06/2012;73
02/07/2012;71.67
03/07/2012;71.67
04/07/2012;71.67
05/07/2012;71.67
06/07/2012;71.67
09/07/2012;71.67
10/07/2012;78.27
11/07/2012;79
12/07/2012;79
13/07/2012;79
16/07/2012;81
17/07/2012;81
18/07/2012;82.6
19/07/2012;82.6
20/07/2012;84.15
23/07/2012;84.15
24/07/2012;84.15
25/07/2012;84.15
26/07/2012;84.03
27/07/2012;84.03
30/07/2012;84.34
31/07/2012;84.34
01/08/2012;84.34
02/08/2012;83.34
03/08/2012;83
06/08/2012;83
07/08/2012;83
08/08/2012;83
09/08/2012;83
10/08/2012;84
13/08/2012;84
14/08/2012;84
15/08/2012;84
16/08/2012;84
17/08/2012;84
20/08/2012;83.63
21/08/2012;83.91
22/08/2012;85.12
23/08/2012;87.71
24/08/2012;89.9
27/08/2012;89.86
28/08/2012;89.85
29/08/2012;90.04
30/08/2012;90.32
31/08/2012;91.21
03/09/2012;91.2
04/09/2012;91.2
05/09/2012;92
06/09/2012;92
10/09/2012;90.5
11/09/2012;90.5
12/09/2012;90.1
13/09/2012;90.02
14/09/2012;90
17/09/2012;90
18/09/2012;90
19/09/2012;90
20/09/2012;90
21/09/2012;90
24/09/2012;79.2
25/09/2012;75.73
26/09/2012;75.73
27/09/2012;75.73
28/09/2012;75.73
01/10/2012;75.73
02/10/2012;75.73
03/10/2012;75.73
04/10/2012;75.73
05/10/2012;75.73
08/10/2012;75.73
09/10/2012;75.73
10/10/2012;75.73
11/10/2012;75.73
15/10/2012;75.73
16/10/2012;75.73
17/10/2012;75.73
18/10/2012;75.73
19/10/2012;75.73
22/10/2012;75.73
23/10/2012;75.73
24/10/2012;75.73
25/10/2012;75.73
26/10/2012;75.73
29/10/2012;75.73
30/10/2012;75.73
31/10/2012;75.73
01/11/2012;75.73
05/11/2012;75.73
06/11/2012;75.73
07/11/2012;75.73
08/11/2012;75.73
09/11/2012;75.73
12/11/2012;75.73
13/11/2012;75.73
14/11/2012;75.73
16/11/2012;75.73
19/11/2012;75.73
20/11/2012;75.73
21/11/2012;75.73
22/11/2012;75.73
23/11/2012;75.73
26/11/2012;75.73
27/11/2012;75.73
28/11/2012;75.73
29/11/2012;75.73
30/11/2012;75.73
03/12/2012;75.73
04/12/2012;75.73
05/12/2012;75.73
06/12/2012;75.73
07/12/2012;75.73
10/12/2012;75.73
11/12/2012;75.73
12/12/2012;75.73
13/12/2012;75.73
14/12/2012;75.73
17/12/2012;75.73
18/12/2012;75.73
19/12/2012;75.73
20/12/2012;75.73
21/12/2012;75.73
26/12/2012;75.73
27/12/2012;75.73
28/12/2012;75.73
02/01/2013;75.73
03/01/2013;75.73
04/01/2013;75.73
07/01/2013;75.73
08/01/2013;75.73
09/01/2013;75.73
10/01/2013;75.73
11/01/2013;75.73
14/01/2013;75.73
15/01/2013;75.73
16/01/2013;75.73
17/01/2013;75.73
18/01/2013;75.73
21/01/2013;75.73
22/01/2013;75.73
23/01/2013;64.63
24/01/2013;63.56
25/01/2013;63.56
28/01/2013;63.56
29/01/2013;63.56
30/01/2013;64.51
31/01/2013;64.51
01/02/2013;64.7
04/02/2013;63.43
05/02/2013;65
06/02/2013;64.57
07/02/2013;64.57
08/02/2013;64.57
13/02/2013;64.57
14/02/2013;64.57
15/02/2013;64.57
18/02/2013;64.57
19/02/2013;63.18
20/02/2013;64.19
21/02/2013;64.65
22/02/2013;64.5
25/02/2013;63
26/02/2013;62.5
27/02/2013;62.5
28/02/2013;62.5
01/03/2013;62.5
04/03/2013;62.36
05/03/2013;63.03
06/03/2013;63.5
07/03/2013;62.8
08/03/2013;62.5
11/03/2013;62.4
12/03/2013;62.5
13/03/2013;62
14/03/2013;61.81
15/03/2013;60.7
18/03/2013;60.7
19/03/2013;60.7
20/03/2013;60
21/03/2013;60.79
22/03/2013;61.19
25/03/2013;61.5
26/03/2013;61.78
27/03/2013;62
28/03/2013;62
01/04/2013;62
02/04/2013;59.31
03/04/2013;59.12
04/04/2013;59.12
05/04/2013;59.12
08/04/2013;58.76
09/04/2013;58.23
10/04/2013;58.23
11/04/2013;58.5
12/04/2013;59.18
15/04/2013;59.18
16/04/2013;59.25
17/04/2013;59.25
18/04/2013;60.05
19/04/2013;60
22/04/2013;59.8
23/04/2013;59.74
24/04/2013;59.12
25/04/2013;59.25
26/04/2013;59.93
29/04/2013;60.75
30/04/2013;60
02/05/2013;60
03/05/2013;60.75
06/05/2013;59.72
07/05/2013;60.57
08/05/2013;59.6
09/05/2013;59.72
10/05/2013;59.72
13/05/2013;60.3
14/05/2013;60
15/05/2013;60
16/05/2013;61.26
17/05/2013;62.12
20/05/2013;62.12
21/05/2013;62.12
22/05/2013;64.52
23/05/2013;64.52
24/05/2013;64.52
27/05/2013;64.52
28/05/2013;64.52
29/05/2013;64.52
31/05/2013;64.52
03/06/2013;64.52
04/06/2013;66.51
05/06/2013;68.06
06/06/2013;67
07/06/2013;67.79
10/06/2013;67.24
11/06/2013;68.64
12/06/2013;69.05
13/06/2013;69.05
14/06/2013;68.68
17/06/2013;68.68
18/06/2013;69.25
19/06/2013;70
20/06/2013;70.31
21/06/2013;70.96
24/06/2013;70.08
25/06/2013;69.91
26/06/2013;70.45
27/06/2013;69.15
28/06/2013;69.15
01/07/2013;69.64
02/07/2013;70
03/07/2013;70.13
04/07/2013;70.13
05/07/2013;70.27
08/07/2013;70
09/07/2013;70
10/07/2013;70.49
11/07/2013;70.26
12/07/2013;70.26
15/07/2013;69.32
16/07/2013;70.4
17/07/2013;70.4
18/07/2013;69.41
19/07/2013;70.57
22/07/2013;71.57
23/07/2013;71.83
24/07/2013;71.83
25/07/2013;65
26/07/2013;65
29/07/2013;65.03
30/07/2013;66.02
31/07/2013;66.77
01/08/2013;66.7
02/08/2013;66.7
05/08/2013;64.14
06/08/2013;64.92
07/08/2013;65.15
08/08/2013;64.97
09/08/2013;65
12/08/2013;66
13/08/2013;66.88
14/08/2013;67.94
15/08/2013;70
16/08/2013;70.65
19/08/2013;72.51
20/08/2013;72.34
21/08/2013;73.34
22/08/2013;73.7
23/08/2013;72.5
26/08/2013;75.3
27/08/2013;75.05
28/08/2013;74.86
29/08/2013;75.13
30/08/2013;73.67
02/09/2013;73.67
03/09/2013;74.57
04/09/2013;74.57
05/09/2013;74.91
06/09/2013;73.3
09/09/2013;74.32
10/09/2013;71.83
11/09/2013;73.83
12/09/2013;73.83
13/09/2013;76.55
16/09/2013;74.85
17/09/2013;74.85
18/09/2013;73.68
19/09/2013;73.68
20/09/2013;73.68
23/09/2013;72.09
24/09/2013;72.09
25/09/2013;71.64
26/09/2013;71.64
27/09/2013;71.64
30/09/2013;71.64
01/10/2013;70
02/10/2013;70
03/10/2013;72.22
04/10/2013;73.84
07/10/2013;73.84
08/10/2013;73.84
09/10/2013;73.84
10/10/2013;73.84
11/10/2013;73.84
14/10/2013;73.84
15/10/2013;73.84
16/10/2013;73.84
17/10/2013;73.84
18/10/2013;73.84
21/10/2013;73.84
22/10/2013;75
23/10/2013;75
24/10/2013;75
25/10/2013;75
28/10/2013;75
29/10/2013;75
30/10/2013;75
31/10/2013;75
01/11/2013;75
04/11/2013;75
05/11/2013;75
06/11/2013;75
07/11/2013;75
08/11/2013;75
11/11/2013;75
12/11/2013;75
13/11/2013;77.25
14/11/2013;77.25
18/11/2013;77.25
19/11/2013;77.25
20/11/2013;77.25
21/11/2013;77.25
22/11/2013;77.25
25/11/2013;77.25
26/11/2013;77.25
27/11/2013;77.25
28/11/2013;77.25
29/11/2013;77.25
02/12/2013;77.25
03/12/2013;77.25
04/12/2013;77.25
05/12/2013;77.25
06/12/2013;77.25
09/12/2013;77.25
10/12/2013;77.25
11/12/2013;77.25
12/12/2013;77.25
13/12/2013;77.25
16/12/2013;77.25
17/12/2013;77.25
18/12/2013;77.25
19/12/2013;77.25
20/12/2013;77.25
23/12/2013;77.25
26/12/2013;77.25
27/12/2013;77.25
30/12/2013;77.25
02/01/2014;77.25
03/01/2014;77.25
06/01/2014;77.25
07/01/2014;77.25
08/01/2014;77.25
09/01/2014;73.34
10/01/2014;73.34
13/01/2014;73.34
14/01/2014;73.34
15/01/2014;73.34
16/01/2014;73.34
17/01/2014;73.34
20/01/2014;73.34
21/01/2014;73.34
22/01/2014;68.15
23/01/2014;68
24/01/2014;68
27/01/2014;68
28/01/2014;68.32
29/01/2014;67.55
30/01/2014;67.89
31/01/2014;68.2
03/02/2014;66.94
04/02/2014;67.44
05/02/2014;67.88
06/02/2014;66.2
07/02/2014;66.2
10/02/2014;66.2
11/02/2014;66.2
12/02/2014;66.2
13/02/2014;66.2
14/02/2014;71.82
17/02/2014;71.82
18/02/2014;71.58
19/02/2014;72
20/02/2014;72
21/02/2014;71.6
24/02/2014;71.6
25/02/2014;72.21
26/02/2014;72.83
27/02/2014;73.67
28/02/2014;73.67
05/03/2014;73.67
06/03/2014;72.5
07/03/2014;74.27
10/03/2014;74.27
11/03/2014;73.21
12/03/2014;73.21
13/03/2014;72.24
14/03/2014;72.24
17/03/2014;72.24
18/03/2014;72.24
19/03/2014;72.73
20/03/2014;72.73
21/03/2014;72.73
24/03/2014;72.73
25/03/2014;70
26/03/2014;71.48
27/03/2014;70.09
28/03/2014;70.04
31/03/2014;70.5
01/04/2014;71.83
02/04/2014;71.88
03/04/2014;72
04/04/2014;72
07/04/2014;72
08/04/2014;69
09/04/2014;70.57
10/04/2014;69.77
11/04/2014;69.55
14/04/2014;69.38
15/04/2014;71.61
16/04/2014;71.99
17/04/2014;72
22/04/2014;72
23/04/2014;72
24/04/2014;69.51
25/04/2014;70.46
28/04/2014;71.53
29/04/2014;71.68
30/04/2014;71.46
02/05/2014;71.46
05/05/2014;69.85
06/05/2014;69.37
07/05/2014;69.07
08/05/2014;69.81
09/05/2014;70.42
12/05/2014;70.52
13/05/2014;69.99
14/05/2014;70.28
15/05/2014;70.42
16/05/2014;70.03
19/05/2014;70.49
20/05/2014;71.12
21/05/2014;70.9
22/05/2014;72.13
23/05/2014;71.77
26/05/2014;71.77
27/05/2014;71.89
28/05/2014;71.46
29/05/2014;71.44
30/05/2014;71.41
02/06/2014;72.09
03/06/2014;72.22
04/06/2014;72.5
05/06/2014;72.01
06/06/2014;72.01
09/06/2014;70.5
10/06/2014;70.5
11/06/2014;70.5
12/06/2014;70.5
13/06/2014;70.83
16/06/2014;70.14
17/06/2014;70.14
18/06/2014;70.22
20/06/2014;70.5
23/06/2014;70.5
24/06/2014;70.31
25/06/2014;70.31
26/06/2014;70.46
27/06/2014;70.46
30/06/2014;70.46
01/07/2014;69.72
02/07/2014;69.72
03/07/2014;69.49
04/07/2014;69.49
07/07/2014;69.49
08/07/2014;69.49
09/07/2014;69.49
10/07/2014;69.49
11/07/2014;69.49
14/07/2014;66
15/07/2014;65.13
16/07/2014;65.01
17/07/2014;65.42
18/07/2014;65.21
21/07/2014;65.06
22/07/2014;65.06
23/07/2014;65.57
24/07/2014;66.06
25/07/2014;66.06
28/07/2014;66.85
29/07/2014;66.85
30/07/2014;66.85
31/07/2014;66.85
01/08/2014;66.85
04/08/2014;66.85
05/08/2014;66.08
06/08/2014;66.08
07/08/2014;66.08
08/08/2014;67.13
11/08/2014;67.13
12/08/2014;67.13
13/08/2014;67.13
14/08/2014;67.13
15/08/2014;67.13
18/08/2014;67.13
19/08/2014;67.44
20/08/2014;67.51
21/08/2014;67.84
22/08/2014;67.43
25/08/2014;67.43
26/08/2014;67.43
27/08/2014;67.43
28/08/2014;67.43
29/08/2014;67.43
01/09/2014;67.43
02/09/2014;67.43
03/09/2014;67.43
04/09/2014;62.94
05/09/2014;62.94
08/09/2014;62.94
09/09/2014;62.94
10/09/2014;62.94
11/09/2014;62.94
12/09/2014;62.94
15/09/2014;62.94
16/09/2014;62.94
17/09/2014;62.94
18/09/2014;62.04
19/09/2014;62.04
22/09/2014;62.04
23/09/2014;61.81
24/09/2014;61.81
25/09/2014;61.81
26/09/2014;61.81
29/09/2014;61.17
30/09/2014;61.17
01/10/2014;61.17
02/10/2014;61.17
03/10/2014;61.17
06/10/2014;61.17
07/10/2014;61.17
08/10/2014;61.17
09/10/2014;61.17
10/10/2014;61.17
13/10/2014;61.17
14/10/2014;61.17
15/10/2014;61.17
16/10/2014;61.17
17/10/2014;61.17
20/10/2014;61.17
21/10/2014;61.17
22/10/2014;61.17
23/10/2014;61.17
24/10/2014;61.17
27/10/2014;61.17
28/10/2014;61.17
29/10/2014;61.17
30/10/2014;61.17
31/10/2014;61.17
03/11/2014;61.17
04/11/2014;61.17
05/11/2014;61.17
06/11/2014;61.17
07/11/2014;61.17
10/11/2014;61.17
11/11/2014;61.17
12/11/2014;61.17
13/11/2014;61.17
14/11/2014;61.17
17/11/2014;61.17
18/11/2014;61.17
19/11/2014;61.17
20/11/2014;61.17
21/11/2014;61.17
24/11/2014;61.17
25/11/2014;61.17
26/11/2014;61.17
27/11/2014;61.17
28/11/2014;61.17
01/12/2014;61.17
02/12/2014;61.17
03/12/2014;61.17
04/12/2014;61.17
05/12/2014;61.17
08/12/2014;61.17
09/12/2014;61.17
10/12/2014;61.17
11/12/2014;61.17
12/12/2014;61.17
15/12/2014;61.17
16/12/2014;61.17
17/12/2014;61.17
18/12/2014;61.17
19/12/2014;61.17
22/12/2014;61.17
23/12/2014;61.17
26/12/2014;61.17
29/12/2014;61.17
30/12/2014;61.17
02/01/2015;61.17
05/01/2015;61.17
06/01/2015;61.17
07/01/2015;61.17
08/01/2015;61.17
09/01/2015;61.17
12/01/2015;61.17
13/01/2015;61.17
14/01/2015;61.17
15/01/2015;61.17
16/01/2015;61.17
19/01/2015;61.17
20/01/2015;61.17
21/01/2015;61.17
22/01/2015;61.17
23/01/2015;61.17
26/01/2015;61.17
27/01/2015;61.03
28/01/2015;61.03
29/01/2015;61.03
30/01/2015;61.03
02/02/2015;61.5
03/02/2015;62.21
04/02/2015;61.98
05/02/2015;61.98
06/02/2015;62.35
09/02/2015;63
10/02/2015;63
11/02/2015;63
12/02/2015;63
13/02/2015;63
18/02/2015;63
19/02/2015;65
20/02/2015;65.83
23/02/2015;65.83
24/02/2015;65.28
25/02/2015;65.28
26/02/2015;65.84
27/02/2015;65.84
02/03/2015;65.84
03/03/2015;65.84
04/03/2015;65.84
05/03/2015;65.84
06/03/2015;65.84
09/03/2015;65.84
10/03/2015;67.32
11/03/2015;67.32
12/03/2015;67.32
13/03/2015;67.32
16/03/2015;67.32
17/03/2015;67.32
18/03/2015;67.32
19/03/2015;67.32
20/03/2015;69.44
23/03/2015;69.81
24/03/2015;69.81
25/03/2015;69.95
26/03/2015;69.95
27/03/2015;69.95
30/03/2015;70.65
31/03/2015;70.65
01/04/2015;70.65
02/04/2015;70.65
06/04/2015;70.65
07/04/2015;70.65
08/04/2015;70.65
09/04/2015;70.65
10/04/2015;70.65
13/04/2015;70.65
14/04/2015;70.65
15/04/2015;70.65
16/04/2015;70.65
17/04/2015;70.65
20/04/2015;70.65
22/04/2015;70.65
23/04/2015;70.65
24/04/2015;70.65
27/04/2015;65.09
28/04/2015;65.01
29/04/2015;65.01
30/04/2015;65.01
04/05/2015;67.73
05/05/2015;68.4
06/05/2015;68.63
07/05/2015;67.98
08/05/2015;66.43
11/05/2015;67.37
12/05/2015;67.37
13/05/2015;65.84
14/05/2015;65.44
15/05/2015;65.07
18/05/2015;66.22
19/05/2015;65.98
20/05/2015;65.01
21/05/2015;64.98
22/05/2015;65.6
25/05/2015;65.4
26/05/2015;66.79
27/05/2015;67.08
28/05/2015;66.95
29/05/2015;67.9
01/06/2015;67.45
02/06/2015;67.48
03/06/2015;66.88
05/06/2015;67.98
08/06/2015;67.03
09/06/2015;66.76
10/06/2015;67.57
11/06/2015;67.37
12/06/2015;66.75
15/06/2015;66.23
16/06/2015;66.76
17/06/2015;67.68
18/06/2015;67.63
19/06/2015;67.87
22/06/2015;68.11
23/06/2015;68.17
24/06/2015;67.97
25/06/2015;69.79
26/06/2015;69.81
29/06/2015;69.96
30/06/2015;70.16
01/07/2015;70.22
02/07/2015;71.27
03/07/2015;70.38
06/07/2015;71.13
07/07/2015;71.67
08/07/2015;71.68
09/07/2015;71.85
10/07/2015;71.91
13/07/2015;72.18
14/07/2015;71.78
15/07/2015;71.93
16/07/2015;72.62
17/07/2015;72.86
20/07/2015;72.78
21/07/2015;73.05
22/07/2015;73.2
23/07/2015;74.83
24/07/2015;75.19
27/07/2015;74.42
28/07/2015;74.72
29/07/2015;74.82
30/07/2015;75.91
31/07/2015;76.13
03/08/2015;76.29
04/08/2015;76.73
05/08/2015;77.84
06/08/2015;78.5
07/08/2015;78.44
10/08/2015;79.29
11/08/2015;79.53
12/08/2015;79.53
13/08/2015;79.53
14/08/2015;79.53
17/08/2015;75.63
18/08/2015;74.66
19/08/2015;73.92
20/08/2015;75.77
21/08/2015;75.77
24/08/2015;76.25
25/08/2015;76.68
26/08/2015;77.67
27/08/2015;77.67
28/08/2015;77.2
31/08/2015;77.49
01/09/2015;77.62
02/09/2015;78.6
03/09/2015;79.31
04/09/2015;79.51
08/09/2015;80.06
09/09/2015;80
10/09/2015;80.23
11/09/2015;80.03
14/09/2015;81.77
15/09/2015;81.33
16/09/2015;81.6
17/09/2015;80.19
18/09/2015;80.33
21/09/2015;81.43
22/09/2015;82.67
23/09/2015;83.45
24/09/2015;84.74
25/09/2015;83.27
28/09/2015;83.23
29/09/2015;84.63
30/09/2015;84.25
01/10/2015;83.65
02/10/2015;82.59
05/10/2015;82.38
06/10/2015;82.27
07/10/2015;80.8
08/10/2015;80.28
09/10/2015;79.49
13/10/2015;80.79
14/10/2015;81.99
15/10/2015;81.85
16/10/2015;81.72
19/10/2015;81.95
20/10/2015;82.33
21/10/2015;83.65
22/10/2015;83.45
23/10/2015;83.08
26/10/2015;82.07
27/10/2015;81.78
28/10/2015;81.57
29/10/2015;82.44
30/10/2015;81.4
03/11/2015;81.37
04/11/2015;79.58
05/11/2015;80.63
06/11/2015;79.88
09/11/2015;79.12
10/11/2015;80.05
11/11/2015;79.02
12/11/2015;78.81
13/11/2015;79.27
16/11/2015;80.24
17/11/2015;80.21
18/11/2015;80.44
19/11/2015;79.97
20/11/2015;79.93
23/11/2015;79.56
24/11/2015;79.15
25/11/2015;80.41
26/11/2015;79.85
27/11/2015;80.11
30/11/2015;81.86
01/12/2015;81.09
02/12/2015;80.68
03/12/2015;80.3
04/12/2015;80.64
07/12/2015;80.24
08/12/2015;79.7
09/12/2015;80.18
10/12/2015;80.01
11/12/2015;80.27
14/12/2015;80.66
15/12/2015;80.77
16/12/2015;80.78
17/12/2015;80.8
18/12/2015;80.79
21/12/2015;81.27
22/12/2015;81.45
23/12/2015;81.37
28/12/2015;81.44
29/12/2015;81.37
30/12/2015;81.35
04/01/2016;81.64
05/01/2016;82.26
06/01/2016;81.84
07/01/2016;82.35
08/01/2016;83.16
11/01/2016;83.35
12/01/2016;85.7
13/01/2016;85.59
14/01/2016;85.05
15/01/2016;84.42
18/01/2016;83.98
19/01/2016;83.48
20/01/2016;82.39
21/01/2016;83.31
22/01/2016;82.94
25/01/2016;81.49
26/01/2016;80.91
27/01/2016;80.44
28/01/2016;80.73
29/01/2016;79.89
01/02/2016;79.32
02/02/2016;79.82
03/02/2016;79.67
04/02/2016;77.44
05/02/2016;76.69
10/02/2016;76.06
11/02/2016;76.88
12/02/2016;77.26
15/02/2016;77.54
16/02/2016;78.99
17/02/2016;78.96
18/02/2016;78.39
19/02/2016;78.92
22/02/2016;77.82
23/02/2016;77.07
24/02/2016;77.5
25/02/2016;76.56
26/02/2016;77.16
29/02/2016;76.71
01/03/2016;76.34
02/03/2016;75.3
03/03/2016;74.1
04/03/2016;73.58
07/03/2016;74.4
08/03/2016;74.63
09/03/2016;74.04
10/03/2016;73.45
11/03/2016;73.56
14/03/2016;73.45
15/03/2016;74.5
16/03/2016;75.15
17/03/2016;74.4
18/03/2016;73.74
21/03/2016;73.69
22/03/2016;74.63
23/03/2016;74.97
24/03/2016;75.74
28/03/2016;75.07
29/03/2016;75.65
30/03/2016;74.88
31/03/2016;74.34
01/04/2016;75
04/04/2016;74.9
05/04/2016;75.81
06/04/2016;76.03
07/04/2016;76.81
08/04/2016;75.45
11/04/2016;74.84
12/04/2016;75.42
13/04/2016;76.32
14/04/2016;76.42
15/04/2016;76.75
18/04/2016;78.53
19/04/2016;78.77
20/04/2016;79.76
22/04/2016;79.65
25/04/2016;81.7
26/04/2016;81.14
27/04/2016;82.66
28/04/2016;82.98
29/04/2016;81.91
02/05/2016;82.79
03/05/2016;84.55
04/05/2016;84.09
05/05/2016;83.42
06/05/2016;82.98
09/05/2016;83.09
10/05/2016;85.66
11/05/2016;85.55
12/05/2016;85.5
13/05/2016;85.79
16/05/2016;85.47
17/05/2016;86.05
18/05/2016;86.18
19/05/2016;87.32
20/05/2016;87.4
23/05/2016;87.91
24/05/2016;88.65
25/05/2016;89.31
27/05/2016;90.61
30/05/2016;90.84
31/05/2016;91.77
01/06/2016;92.61
02/06/2016;94.7
03/06/2016;96.26
06/06/2016;95.47
07/06/2016;95.48
08/06/2016;96.37
09/06/2016;96.3
10/06/2016;96.88
13/06/2016;97.51
14/06/2016;97.61
15/06/2016;97.44
16/06/2016;96.16
17/06/2016;96.78
20/06/2016;95.97
21/06/2016;94.85
22/06/2016;94.75
23/06/2016;93.81
24/06/2016;92.66
27/06/2016;94.17
28/06/2016;93.93
29/06/2016;92.42
30/06/2016;92.01
01/07/2016;92.31
04/07/2016;92.48
05/07/2016;91.18
06/07/2016;89.98
07/07/2016;89.04
08/07/2016;87.65
11/07/2016;89.12
12/07/2016;89.05
13/07/2016;91.18
14/07/2016;90.54
15/07/2016;89.17
18/07/2016;87.69
19/07/2016;86.37
20/07/2016;86.14
21/07/2016;85.28
22/07/2016;83.76
25/07/2016;82.58
26/07/2016;82.89
27/07/2016;83.01
28/07/2016;83.3
29/07/2016;84.03
01/08/2016;82.77
02/08/2016;81.5
03/08/2016;82.9
04/08/2016;81.45
05/08/2016;80.78
08/08/2016;80.81
09/08/2016;80.55
10/08/2016;79.62
11/08/2016;79.8
12/08/2016;79.9
15/08/2016;81.06
16/08/2016;81.62
17/08/2016;83.42
18/08/2016;83.54
19/08/2016;83.22
22/08/2016;83.42
23/08/2016;83.52
24/08/2016;83.36
25/08/2016;82.46
26/08/2016;81.52
29/08/2016;81.89
30/08/2016;80.62
31/08/2016;79.19
01/09/2016;79.47
02/09/2016;79.64
05/09/2016;79.8
06/09/2016;79.89
08/09/2016;79.92
09/09/2016;81.63
12/09/2016;80.85
13/09/2016;80.38
14/09/2016;80.1
15/09/2016;80.27
16/09/2016;80.18
19/09/2016;80.12
20/09/2016;80.2
21/09/2016;79.84
22/09/2016;79.11
23/09/2016;78.52
26/09/2016;78.11
27/09/2016;77.78
28/09/2016;77.95
29/09/2016;77.97
30/09/2016;77.77
03/10/2016;77.67
04/10/2016;77.47
05/10/2016;77.58
06/10/2016;77.32
07/10/2016;77.01
10/10/2016;76.82
11/10/2016;76.4
13/10/2016;75.83
14/10/2016;75.81
17/10/2016;75.86
18/10/2016;76.79
19/10/2016;76.36
20/10/2016;76.27
21/10/2016;76.37
24/10/2016;76.33
25/10/2016;76.1
26/10/2016;76.06
27/10/2016;77.12
28/10/2016;77.89
31/10/2016;77.01
01/11/2016;77
03/11/2016;76.86
04/11/2016;76.49
07/11/2016;76.55
08/11/2016;76.54
09/11/2016;77.03
10/11/2016;78.04
11/11/2016;78.93
14/11/2016;78.91
16/11/2016;77.94
17/11/2016;78.1
18/11/2016;78.09
21/11/2016;78.03
22/11/2016;78.71
23/11/2016;78.99
24/11/2016;79.28
25/11/2016;79.91
28/11/2016;80.12
29/11/2016;79.94
30/11/2016;79.99
01/12/2016;79.77
02/12/2016;80.08
05/12/2016;80.17
06/12/2016;80.39
07/12/2016;79.86
08/12/2016;79.84
09/12/2016;79.6
12/12/2016;79.41
13/12/2016;79.08
14/12/2016;78.59
15/12/2016;79.12
16/12/2016;79.59
19/12/2016;79.01
20/12/2016;78.44
21/12/2016;77.31
22/12/2016;76.77
23/12/2016;75.81
26/12/2016;76.17
27/12/2016;76.37
28/12/2016;75.95
29/12/2016;75.68
02/01/2017;77.22
03/01/2017;75.48
04/01/2017;74.52
05/01/2017;74.82
06/01/2017;74.3
09/01/2017;74.06
10/01/2017;74.48
11/01/2017;74.89
12/01/2017;74.89
13/01/2017;76.21
16/01/2017;76.49
17/01/2017;78.61
18/01/2017;79.29
19/01/2017;79.6
20/01/2017;78.59
23/01/2017;76.9
24/01/2017;76.62
25/01/2017;76.4
26/01/2017;76.11
27/01/2017;76.08
30/01/2017;73.75
31/01/2017;73.43
01/02/2017;74.17
02/02/2017;73.77
03/02/2017;73.8
06/02/2017;73.78
07/02/2017;74.23
08/02/2017;74.89
09/02/2017;74.77
10/02/2017;74.88
13/02/2017;75.03
14/02/2017;74.55
15/02/2017;73.83
16/02/2017;74.01
17/02/2017;73.57
20/02/2017;73.63
21/02/2017;74.29
22/02/2017;72.61
23/02/2017;71.8
24/02/2017;71.9
01/03/2017;72.41
02/03/2017;72.48
03/03/2017;72.64
06/03/2017;72.64
07/03/2017;72.08
08/03/2017;72.37
09/03/2017;72.38
10/03/2017;71.7
13/03/2017;71.08
14/03/2017;70.82
15/03/2017;70.85
16/03/2017;70.01
17/03/2017;69.41
20/03/2017;69.24
21/03/2017;69.24
22/03/2017;68.78
23/03/2017;68.86
24/03/2017;68.33
27/03/2017;67.12
28/03/2017;67.24
29/03/2017;67.06
30/03/2017;66.66
31/03/2017;66.74
03/04/2017;65.05
04/04/2017;64.42
05/04/2017;64.25
06/04/2017;64.34
07/04/2017;64.43
10/04/2017;64.62
11/04/2017;64.77
12/04/2017;65.91
13/04/2017;66.24
17/04/2017;65.43
18/04/2017;65.19
19/04/2017;66.31
20/04/2017;66.78
24/04/2017;66.7
25/04/2017;67.63
26/04/2017;67.57
27/04/2017;67.3
28/04/2017;67.82
02/05/2017;68.26
03/05/2017;67.87
04/05/2017;69.08
05/05/2017;69.71
08/05/2017;69.32
09/05/2017;69.87
10/05/2017;69.42
11/05/2017;68.95
12/05/2017;68.11
15/05/2017;67.72
16/05/2017;67.56
17/05/2017;68.33
18/05/2017;71.2
19/05/2017;70.04
22/05/2017;69.94
23/05/2017;69.48
24/05/2017;69.77
25/05/2017;69.64
26/05/2017;68.92
29/05/2017;68.36
30/05/2017;67.49
31/05/2017;67.57
01/06/2017;67.23
02/06/2017;67.37
05/06/2017;68.08
06/06/2017;68.55
07/06/2017;68.88
08/06/2017;69.49
09/06/2017;69.35
12/06/2017;69.54
13/06/2017;70.08
14/06/2017;69.45
16/06/2017;69.53
19/06/2017;69.93
20/06/2017;69.86
21/06/2017;69.74
22/06/2017;68.94
23/06/2017;68.44
26/06/2017;68.11
27/06/2017;68.61
28/06/2017;68.13
29/06/2017;68.78
30/06/2017;69.88
03/07/2017;71.48
04/07/2017;71.37
05/07/2017;72.28
06/07/2017;72.23
07/07/2017;73.23
10/07/2017;73.88
11/07/2017;74.4
12/07/2017;73.73
13/07/2017;72.58
14/07/2017;71.12
17/07/2017;71.51
18/07/2017;71.75
19/07/2017;71.72
20/07/2017;71.86
21/07/2017;71.68
24/07/2017;71.49
25/07/2017;72.18
26/07/2017;71.99
27/07/2017;72.27
28/07/2017;72.72
31/07/2017;71.59
01/08/2017;69.98
02/08/2017;69.98
03/08/2017;69.2
04/08/2017;68.97
07/08/2017;70.66
08/08/2017;70.42
09/08/2017;71.26
10/08/2017;71.55
11/08/2017;70.63
14/08/2017;70.13
15/08/2017;69.39
16/08/2017;69.33
17/08/2017;69.26
18/08/2017;69.48
21/08/2017;69.15
22/08/2017;69.43
23/08/2017;69.49
24/08/2017;69.74
25/08/2017;69.51
28/08/2017;69.56
29/08/2017;69.98
30/08/2017;69.56
31/08/2017;69.35
01/09/2017;69.44
04/09/2017;69.4
05/09/2017;70.44
06/09/2017;70.37
08/09/2017;70.31
11/09/2017;69.68
12/09/2017;69.47
13/09/2017;70.12
14/09/2017;71.09
15/09/2017;70.91
18/09/2017;70.63
19/09/2017;70.44
20/09/2017;70.49
21/09/2017;70.51
22/09/2017;70.86
25/09/2017;70.74
26/09/2017;70.83
27/09/2017;70.81
28/09/2017;70.96
29/09/2017;70.72
02/10/2017;70.58
03/10/2017;69.95
04/10/2017;69.44
05/10/2017;70.09
06/10/2017;70.57
09/10/2017;70.86
10/10/2017;70.84
11/10/2017;70.8
13/10/2017;71.54
16/10/2017;72.29
17/10/2017;71.89
18/10/2017;71.6
19/10/2017;71.37
20/10/2017;71.81
23/10/2017;71.67
24/10/2017;71.97
25/10/2017;72.81
26/10/2017;72.69
27/10/2017;72.86
30/10/2017;72.59
31/10/2017;72.64
01/11/2017;73.48
03/11/2017;73.39
06/11/2017;73.53
07/11/2017;73.82
08/11/2017;73.9
09/11/2017;74.19
10/11/2017;73.94
13/11/2017;74.81
14/11/2017;74.01
16/11/2017;73.56
17/11/2017;73.65
20/11/2017;73.57
21/11/2017;73.92
22/11/2017;74.08
23/11/2017;74.15
24/11/2017;74.08
27/11/2017;73.95
28/11/2017;73.82
29/11/2017;73.46
30/11/2017;74.18
01/12/2017;74.51
04/12/2017;75.01
05/12/2017;75.22
06/12/2017;74.94
07/12/2017;75.06
08/12/2017;75.16
11/12/2017;75.01
12/12/2017;75.16
13/12/2017;74.99
14/12/2017;74.67
15/12/2017;74.52
18/12/2017;73.91
19/12/2017;73.48
20/12/2017;73.31
21/12/2017;72.87
22/12/2017;73.26
26/12/2017;73.12
27/12/2017;73.2
28/12/2017;73.11
02/01/2018;72.41
03/01/2018;72.03
04/01/2018;71.78
05/01/2018;72.23
08/01/2018;72.16
09/01/2018;72.07
10/01/2018;72.02
11/01/2018;71.51
12/01/2018;71.17
15/01/2018;71.27
16/01/2018;71.66
17/01/2018;71.84
18/01/2018;71.95
19/01/2018;71.85
22/01/2018;71.91
23/01/2018;72.38
24/01/2018;72.02
25/01/2018;71.62
26/01/2018;71.07
29/01/2018;71.55
30/01/2018;72.11
31/01/2018;71.66
01/02/2018;71.49
02/02/2018;71.74
05/02/2018;71.93
06/02/2018;72.74
07/02/2018;72.95
08/02/2018;73.42
09/02/2018;73.36
14/02/2018;74.61
15/02/2018;74.53
16/02/2018;74.75
19/02/2018;75.17
20/02/2018;75.76
21/02/2018;76.5
22/02/2018;76.73
23/02/2018;76.74
26/02/2018;77.04
27/02/2018;77.11
28/02/2018;78.37
01/03/2018;78.82
02/03/2018;80.06
05/03/2018;79.75
06/03/2018;79.77
07/03/2018;79.67
08/03/2018;80.01
09/03/2018;79.68
12/03/2018;78.93
13/03/2018;79
14/03/2018;78.9
15/03/2018;79.36
16/03/2018;79.3
19/03/2018;78.79
20/03/2018;78.23
21/03/2018;78.28
22/03/2018;78.85
23/03/2018;78.71
26/03/2018;79.84
27/03/2018;80.56
28/03/2018;80.37
29/03/2018;80.41
02/04/2018;81.36
03/04/2018;82.44
04/04/2018;81.86
05/04/2018;84.19
06/04/2018;85.21
09/04/2018;87.02
10/04/2018;86.78
11/04/2018;86.5
12/04/2018;86.64
13/04/2018;86.61
16/04/2018;86.83
17/04/2018;85.34
18/04/2018;85.32
19/04/2018;84.99
20/04/2018;85.35
23/04/2018;85.59
24/04/2018;85.84
25/04/2018;87.24
26/04/2018;87.17
27/04/2018;87.09
30/04/2018;86.8
02/05/2018;87.3
03/05/2018;86.6
04/05/2018;86.34
07/05/2018;85.98
08/05/2018;85.77
09/05/2018;86.11
10/05/2018;85.55
11/05/2018;85.39
14/05/2018;85.82
15/05/2018;85.99
16/05/2018;85.21
17/05/2018;85.02
18/05/2018;85.82
21/05/2018;85.79
22/05/2018;86.4
23/05/2018;86.45
24/05/2018;86.32
25/05/2018;86.47
28/05/2018;86.56
29/05/2018;87.09
30/05/2018;86.6
01/06/2018;86.89
04/06/2018;86.71
05/06/2018;87.34
06/06/2018;87.52
07/06/2018;87.69
08/06/2018;86.85
11/06/2018;83.64
12/06/2018;82.51
13/06/2018;82.62
14/06/2018;82.78
15/06/2018;83.52
18/06/2018;83.32
19/06/2018;82.53
20/06/2018;83.52
21/06/2018;84.04
22/06/2018;84.7
25/06/2018;83.8
26/06/2018;83.97
27/06/2018;85.5
28/06/2018;85.39
29/06/2018;86.54
02/07/2018;87.07
03/07/2018;87.44
04/07/2018;87.24
05/07/2018;88.09
06/07/2018;88.14
09/07/2018;88.1
10/07/2018;87.61
11/07/2018;88.27
12/07/2018;88.71
13/07/2018;88.19
16/07/2018;88.93
17/07/2018;89.19
18/07/2018;89.72
19/07/2018;89.32
20/07/2018;88.9
23/07/2018;88.23
24/07/2018;87.95
25/07/2018;87.81
26/07/2018;88.12
27/07/2018;88.07
30/07/2018;87.83
31/07/2018;89.53
01/08/2018;88.6
02/08/2018;88.4
03/08/2018;87.3
06/08/2018;87.22
07/08/2018;87.72
08/08/2018;88.75
09/08/2018;88.62
10/08/2018;89.15
13/08/2018;88.94
14/08/2018;89.39
15/08/2018;90.32
16/08/2018;91.84
17/08/2018;90.79
20/08/2018;90.35
21/08/2018;89.71
22/08/2018;91.95
23/08/2018;91.07
24/08/2018;91.19
27/08/2018;90.29
28/08/2018;90.47
29/08/2018;91.13
30/08/2018;92.12
31/08/2018;92.62
03/09/2018;91.52
04/09/2018;93.4
05/09/2018;93.83
06/09/2018;94.29
10/09/2018;94.09
11/09/2018;95.46
12/09/2018;95.76
13/09/2018;96.98
14/09/2018;96.95
17/09/2018;96.25
18/09/2018;95.57
19/09/2018;96.03
20/09/2018;96.17
21/09/2018;95.72
24/09/2018;96.23
25/09/2018;97.39
26/09/2018;97
27/09/2018;95.91
28/09/2018;95.62
01/10/2018;96.39
02/10/2018;95.64
03/10/2018;93.89
04/10/2018;94.72
05/10/2018;94.09
08/10/2018;91.6
09/10/2018;90.83
10/10/2018;90.65
11/10/2018;90.98
15/10/2018;90.81
16/10/2018;90.92
17/10/2018;91.36
18/10/2018;90.04
19/10/2018;89.57
22/10/2018;89.4
23/10/2018;88.61
24/10/2018;88.99
25/10/2018;88.08
26/10/2018;87.64
29/10/2018;85.53
30/10/2018;86.28
31/10/2018;85.74
01/11/2018;85.79
05/11/2018;85.98
06/11/2018;85.82
07/11/2018;86.24
08/11/2018;85.36
09/11/2018;85.28
12/11/2018;84.9
13/11/2018;85.14
14/11/2018;84.93
16/11/2018;84.62
19/11/2018;83.29
20/11/2018;83.41
21/11/2018;83.53
22/11/2018;83.24
23/11/2018;83.24
26/11/2018;82.07
27/11/2018;82.18
28/11/2018;82.55
29/11/2018;82.78
30/11/2018;82.78
03/12/2018;82.93
04/12/2018;82.6
05/12/2018;80.65
06/12/2018;80.1
07/12/2018;82.1
10/12/2018;81.39
11/12/2018;81.43
12/12/2018;81.2
13/12/2018;80.98
14/12/2018;80.7
17/12/2018;81.03
18/12/2018;81.53
19/12/2018;81.5
20/12/2018;80.11
21/12/2018;80.45
26/12/2018;80.62
27/12/2018;80.35
28/12/2018;80.17
02/01/2019;79.35
03/01/2019;78.5
04/01/2019;78.04
07/01/2019;77.37
08/01/2019;77.56
09/01/2019;76.72
10/01/2019;75.99
11/01/2019;76.01
14/01/2019;75.67
15/01/2019;74.91
16/01/2019;74.53
17/01/2019;74.83
18/01/2019;75.7
21/01/2019;76.22
22/01/2019;77.04
23/01/2019;78.07
24/01/2019;78.13
25/01/2019;77.68
28/01/2019;77.25
29/01/2019;77.46
30/01/2019;77.5
31/01/2019;77.08
01/02/2019;77.31
04/02/2019;77.02
05/02/2019;77.22
06/02/2019;77.2
07/02/2019;77.09
08/02/2019;77
11/02/2019;77.26
12/02/2019;77.39
13/02/2019;78.02
14/02/2019;78.63
15/02/2019;77.83
18/02/2019;77.78
19/02/2019;77.35
20/02/2019;77.4
21/02/2019;79.45
22/02/2019;78.99
25/02/2019;78.31
26/02/2019;78.18
27/02/2019;77.87
28/02/2019;77.36
01/03/2019;78.06
06/03/2019;78.14
07/03/2019;78.94
08/03/2019;78.64
11/03/2019;77.96
12/03/2019;77.09
13/03/2019;77.82
14/03/2019;78.13
15/03/2019;78.73
18/03/2019;78.53
19/03/2019;77.81
20/03/2019;77.39
21/03/2019;78.5
22/03/2019;78.96
25/03/2019;78.93
26/03/2019;78.36
27/03/2019;78.48
28/03/2019;79.03
29/03/2019;77.71
01/04/2019;76.93
02/04/2019;77.62
03/04/2019;77.25
04/04/2019;77.95
05/04/2019;77.45
08/04/2019;77.33
09/04/2019;76.97
10/04/2019;76.64
11/04/2019;76.24
12/04/2019;76.5
15/04/2019;77.25
16/04/2019;76.86
17/04/2019;76.99
18/04/2019;76.66
22/04/2019;76.48
23/04/2019;76.35
24/04/2019;75.73
25/04/2019;75.46
26/04/2019;76.11
29/04/2019;74.69
30/04/2019;74.36
02/05/2019;73.94
03/05/2019;73.4
06/05/2019;74.32
07/05/2019;74.92
08/05/2019;74.23
09/05/2019;73.93
10/05/2019;74.58
13/05/2019;75.14
14/05/2019;77.07
15/05/2019;78.3
16/05/2019;78.96
17/05/2019;79.38
20/05/2019;80.56
21/05/2019;81.65
22/05/2019;79.93
23/05/2019;80.48
24/05/2019;81.13
27/05/2019;80.81
28/05/2019;82.56
29/05/2019;82.66
30/05/2019;83.41
31/05/2019;82.58
03/06/2019;81.86
04/06/2019;80.98
05/06/2019;81.38
06/06/2019;81.81
07/06/2019;81.54
10/06/2019;81.28
11/06/2019;81.18
12/06/2019;81.49
13/06/2019;81.79
14/06/2019;82.73
17/06/2019;83.39
18/06/2019;83.19
19/06/2019;82.76
21/06/2019;81.53
24/06/2019;81.5
25/06/2019;82.16
26/06/2019;82.11
27/06/2019;81.59
28/06/2019;81.8
01/07/2019;80.61
02/07/2019;80.56
03/07/2019;80.43
04/07/2019;80.36
05/07/2019;79.56
08/07/2019;78.72
09/07/2019;78.1
10/07/2019;78.72
11/07/2019;79.1
12/07/2019;79.41
15/07/2019;79.06
16/07/2019;78.74
17/07/2019;78.39
18/07/2019;77.56
19/07/2019;78.9
22/07/2019;77.81
23/07/2019;77.97
24/07/2019;78.39
25/07/2019;78.26
26/07/2019;78.13
29/07/2019;78.79
30/07/2019;77.94
31/07/2019;77.29
01/08/2019;78.63
02/08/2019;80.18
05/08/2019;81.66
06/08/2019;82.56
07/08/2019;83.09
08/08/2019;83.08
09/08/2019;83.58
12/08/2019;84.12
13/08/2019;84.59
14/08/2019;85.16
15/08/2019;85.4
16/08/2019;85.62
19/08/2019;85.54
20/08/2019;86.14
21/08/2019;85.95
22/08/2019;86.33
23/08/2019;87.43
26/08/2019;88.56
27/08/2019;88.52
28/08/2019;88.5
29/08/2019;88.68
30/08/2019;88.52
02/09/2019;88.32
03/09/2019;88.04
04/09/2019;87.64
05/09/2019;86.55
06/09/2019;86.06
09/09/2019;85.36
10/09/2019;86.02
11/09/2019;85.35
12/09/2019;86.09
13/09/2019;85.39
16/09/2019;85.72
17/09/2019;86.01
18/09/2019;85.37
19/09/2019;85.5
20/09/2019;86.89
23/09/2019;87.58
24/09/2019;87.32
25/09/2019;87.06
26/09/2019;86.86
27/09/2019;86.61
30/09/2019;86.76
01/10/2019;88.14
02/10/2019;87.61
03/10/2019;87.28
04/10/2019;86.38
07/10/2019;86.55
08/10/2019;86.98
09/10/2019;87.59
10/10/2019;88
11/10/2019;88.05
14/10/2019;88.98
15/10/2019;89.66
16/10/2019;89.94
17/10/2019;90.07
18/10/2019;89.18
21/10/2019;89.82
22/10/2019;89.39
23/10/2019;89.19
24/10/2019;88.91
25/10/2019;88.7
28/10/2019;87.56
29/10/2019;86.94
30/10/2019;87.47
31/10/2019;87.38
01/11/2019;87.36
04/11/2019;87.54
05/11/2019;87.71
06/11/2019;89.3
07/11/2019;88.97
08/11/2019;89.82
11/11/2019;89.74
12/11/2019;89.85
13/11/2019;90.45
14/11/2019;90.24
18/11/2019;90.42
19/11/2019;90.74
20/11/2019;90.62
21/11/2019;91.3
22/11/2019;90.69
25/11/2019;90.23
26/11/2019;90.97
27/11/2019;90.76
28/11/2019;90.72
29/11/2019;90.06
02/12/2019;89.57
03/12/2019;88.15
04/12/2019;88.24
05/12/2019;89.7
06/12/2019;89.56
09/12/2019;89.09
10/12/2019;89.03
11/12/2019;88.91
12/12/2019;88.36
13/12/2019;87.96
16/12/2019;86.79
17/12/2019;87.32
18/12/2019;87.69
19/12/2019;87.22
20/12/2019;87.25
23/12/2019;87.42
26/12/2019;87.13
27/12/2019;87.59
30/12/2019;87.9
02/01/2020;88.08
03/01/2020;88.91
06/01/2020;88.24
07/01/2020;88.02
08/01/2020;88.13
09/01/2020;88.19
10/01/2020;88.06
13/01/2020;88.56
14/01/2020;88.96
15/01/2020;88.75
16/01/2020;87.53
17/01/2020;87.4
20/01/2020;87.66
21/01/2020;87.67
22/01/2020;87.41
23/01/2020;86.23
24/01/2020;86
27/01/2020;85.93
28/01/2020;85.81
29/01/2020;85.99
30/01/2020;85.75
31/01/2020;85.33
03/02/2020;84.73
04/02/2020;85.13
05/02/2020;85.57
06/02/2020;85.7
07/02/2020;86.79
10/02/2020;87.09
11/02/2020;87.31
12/02/2020;87.69
13/02/2020;88.34
14/02/2020;88.57
17/02/2020;87.6
18/02/2020;88.69
19/02/2020;88.54
20/02/2020;89.06
21/02/2020;88.8
26/02/2020;88.66
27/02/2020;88.84
28/02/2020;89.86
02/03/2020;90.3
03/03/2020;90.83
04/03/2020;91.57
05/03/2020;92.37
06/03/2020;92.8
09/03/2020;92.55
10/03/2020;92.32
11/03/2020;92.86
12/03/2020;93.23
13/03/2020;92.18
16/03/2020;93.18
17/03/2020;94.56
18/03/2020;94.69
19/03/2020;95.84
20/03/2020;96.7
23/03/2020;96.4
24/03/2020;98.01
25/03/2020;99.69
26/03/2020;98.55
27/03/2020;98.82
30/03/2020;100.66
31/03/2020;101.21
01/04/2020;101.37
02/04/2020;101.14
03/04/2020;101.48
06/04/2020;101.4
07/04/2020;101.21
08/04/2020;101.16
09/04/2020;100.07
13/04/2020;101.44
14/04/2020;101.08
15/04/2020;101.17
16/04/2020;100.47
17/04/2020;100.93
20/04/2020;101.45
22/04/2020;102.41
23/04/2020;103.56
24/04/2020;106.16
27/04/2020;106.61
28/04/2020;105.49
29/04/2020;103.77
30/04/2020;103.58
04/05/2020;105.66
05/05/2020;105.8
06/05/2020;107.86
07/05/2020;110.64
08/05/2020;111.42
11/05/2020;112.84
12/05/2020;113.95
13/05/2020;115.27
14/05/2020;116.27
15/05/2020;115.83
18/05/2020;113.19
19/05/2020;111.76
20/05/2020;111.31
21/05/2020;111.68
22/05/2020;109.84
25/05/2020;108.7
26/05/2020;106.35
27/05/2020;105.89
28/05/2020;106.39
29/05/2020;107.51
01/06/2020;107.78
02/06/2020;107.52
03/06/2020;105.69
04/06/2020;108.25
05/06/2020;107.27
08/06/2020;104.97
09/06/2020;102.75
10/06/2020;103.17
12/06/2020;105.74
15/06/2020;108.26
16/06/2020;109.8
17/06/2020;111
18/06/2020;113.52
19/06/2020;114.81
22/06/2020;112.91
23/06/2020;111.92
24/06/2020;111.97
25/06/2020;112.67
26/06/2020;114.99
29/06/2020;114.71
30/06/2020;115.32
01/07/2020;115.97
02/07/2020;114.44
03/07/2020;114.93
06/07/2020;115.83
07/07/2020;115.9
08/07/2020;116.02
09/07/2020;116
10/07/2020;115.86
13/07/2020;113.87
14/07/2020;115.01
15/07/2020;115.09
16/07/2020;115.5
17/07/2020;116
20/07/2020;116.77
21/07/2020;116.56
22/07/2020;114.85
23/07/2020;116.08
24/07/2020;117.53
27/07/2020;117.28
28/07/2020;117.09
29/07/2020;116.03
30/07/2020;117.52
31/07/2020;119.12
03/08/2020;120.14
04/08/2020;120.55
05/08/2020;120.94
06/08/2020;124.31
07/08/2020;123.2
10/08/2020;123.21
11/08/2020;124.05
12/08/2020;124.9
13/08/2020;126.23
14/08/2020;127.26
17/08/2020;129.67
18/08/2020;131.09
19/08/2020;131.12
20/08/2020;133.2
21/08/2020;132.8
24/08/2020;131.88
25/08/2020;132.98
26/08/2020;133.72
27/08/2020;134.79
28/08/2020;136.63
31/08/2020;137.76
01/09/2020;137.22
02/09/2020;136.57
03/09/2020;136.68
04/09/2020;134.08
08/09/2020;135.17
09/09/2020;136.68
10/09/2020;135.83
11/09/2020;137.4
14/09/2020;136.33
15/09/2020;136.98
16/09/2020;138.46
17/09/2020;139.16
18/09/2020;139.1
21/09/2020;144.52
22/09/2020;147.33
23/09/2020;149.85
24/09/2020;150.86
25/09/2020;146.63
28/09/2020;148.76
29/09/2020;149.45
30/09/2020;148.12
01/10/2020;152.24
02/10/2020;151.86
05/10/2020;156.02
06/10/2020;155.64
07/10/2020;159.22
08/10/2020;159.88
09/10/2020;155.85
13/10/2020;157.73
14/10/2020;157.66
15/10/2020;157.01
16/10/2020;159.44
19/10/2020;157.91
20/10/2020;161.05
21/10/2020;159.47
22/10/2020;164.13
23/10/2020;164.23
26/10/2020;164.73
27/10/2020;166.57
28/10/2020;164.34
29/10/2020;163.82
30/10/2020;163.54
03/11/2020;165.26
04/11/2020;168.53
05/11/2020;168.97
06/11/2020;169.76
09/11/2020;163.28
10/11/2020;169.44
11/11/2020;170.97
12/11/2020;162.27
13/11/2020;165.27
16/11/2020;164.72
17/11/2020;165.47
18/11/2020;165.59
19/11/2020;163.96
20/11/2020;163.62
23/11/2020;162.96
24/11/2020;161.92
25/11/2020;162.54
26/11/2020;161.24
27/11/2020;162.31
30/11/2020;161.77
01/12/2020;160.67
02/12/2020;157.44
03/12/2020;157.78
04/12/2020;152.5
07/12/2020;154.42
08/12/2020;149.02
09/12/2020;155.45
10/12/2020;152.26
11/12/2020;147.31
14/12/2020;151.4
15/12/2020;152.76
16/12/2020;150.35
17/12/2020;150.99
18/12/2020;151.15
21/12/2020;150.98
22/12/2020;150.93
23/12/2020;150.91
28/12/2020;149.98
29/12/2020;151.05
30/12/2020;153.9
04/01/2021;154.7
05/01/2021;162.75
06/01/2021;164.84
07/01/2021;163.85
08/01/2021;165.61
11/01/2021;168.51
12/01/2021;170.72
13/01/2021;170.68
14/01/2021;170.08
15/01/2021;169.66
18/01/2021;170.72
19/01/2021;171.29
20/01/2021;168.79
21/01/2021;170.11
22/01/2021;169.11
25/01/2021;169.69
26/01/2021;169.14
27/01/2021;169.15
28/01/2021;169.6
29/01/2021;168.3
01/02/2021;168.65
02/02/2021;168.47
03/02/2021;166.12
04/02/2021;167.67
05/02/2021;166.36
08/02/2021;168.91
09/02/2021;169.4
10/02/2021;167.39
11/02/2021;165.62
12/02/2021;165.73
17/02/2021;164
18/02/2021;163.7
19/02/2021;162.96
22/02/2021;163.94
23/02/2021;165.95
24/02/2021;165.84
25/02/2021;166.74
26/02/2021;167.45
01/03/2021;168.96
02/03/2021;171.34
03/03/2021;172.36
04/03/2021;171.98
05/03/2021;174.34
08/03/2021;178.03
09/03/2021;179.3
10/03/2021;177.23
11/03/2021;171.32
12/03/2021;169.71
15/03/2021;170.84
16/03/2021;170.54
17/03/2021;171.11
18/03/2021;169.79
19/03/2021;168.17
22/03/2021;168.32
23/03/2021;168.78
24/03/2021;170.15
25/03/2021;170.99
26/03/2021;172.05
29/03/2021;172.68
30/03/2021;171.64
31/03/2021;173.3
01/04/2021;173.86
05/04/2021;172.84
06/04/2021;173.65
07/04/2021;172.52
08/04/2021;172.63
09/04/2021;174.71
12/04/2021;173.52
13/04/2021;175.17
14/04/2021;176.19
15/04/2021;175.74
16/04/2021;177.94
19/04/2021;178.61
20/04/2021;179.32
22/04/2021;181.2
23/04/2021;180.96
26/04/2021;182.86
27/04/2021;183.02
28/04/2021;180.06
29/04/2021;177.44
30/04/2021;179.72
03/05/2021;177.12
04/05/2021;180.59
05/05/2021;180.37
06/05/2021;178.51
07/05/2021;177.51
10/05/2021;177.23
11/05/2021;179.28
12/05/2021;182.97
13/05/2021;178.27
14/05/2021;176.84
17/05/2021;176.54
18/05/2021;176.38
19/05/2021;174.08
20/05/2021;173.91
21/05/2021;173.01
24/05/2021;173.55
25/05/2021;174.28
26/05/2021;173.75
27/05/2021;173.77
28/05/2021;173.35
31/05/2021;172.96
01/06/2021;173.99
02/06/2021;172.8
04/06/2021;173.21
07/06/2021;174.1
08/06/2021;173.45
09/06/2021;171.82
10/06/2021;170.63
11/06/2021;169.41
14/06/2021;166.65
15/06/2021;164.45
16/06/2021;161.32
17/06/2021;156.86
18/06/2021;153.43
21/06/2021;154.8
22/06/2021;155.02
23/06/2021;152.67
24/06/2021;149.28
25/06/2021;148.74
28/06/2021;151.1
29/06/2021;151.74
30/06/2021;158.12
01/07/2021;163.81
02/07/2021;164.28
05/07/2021;163.71
06/07/2021;162.13
07/07/2021;164.08
08/07/2021;166.31
09/07/2021;165.02
12/07/2021;165.83
13/07/2021;167.62
14/07/2021;168.72
15/07/2021;168.9
16/07/2021;170.39
19/07/2021;170.89
20/07/2021;172.01
21/07/2021;173.11
22/07/2021;168.86
23/07/2021;169.07
26/07/2021;167.95
27/07/2021;169.25
28/07/2021;168.69
29/07/2021;168.45
30/07/2021;168.05
02/08/2021;167.41
03/08/2021;168.99
04/08/2021;168.58
05/08/2021;167.79
06/08/2021;170.03
09/08/2021;170.22
10/08/2021;170.68
11/08/2021;170.39
12/08/2021;170.31
13/08/2021;172.19
16/08/2021;173.75
17/08/2021;174.88
18/08/2021;175.83
19/08/2021;175.68
20/08/2021;174.94
23/08/2021;172.57
24/08/2021;171.86
25/08/2021;170.99
26/08/2021;171.19
27/08/2021;169.53
30/08/2021;168.51
31/08/2021;166.95
01/09/2021;165.84
02/09/2021;167.12
03/09/2021;170.42
06/09/2021;169.07
08/09/2021;172.02
09/09/2021;172.7
10/09/2021;173.42
13/09/2021;171.98
14/09/2021;173.43
15/09/2021;175.24
16/09/2021;175.95
17/09/2021;175.44
20/09/2021;173.64
21/09/2021;172.02
22/09/2021;172.43
23/09/2021;173.12
24/09/2021;173.73
27/09/2021;173.85
28/09/2021;174.99
29/09/2021;175.42
30/09/2021;175.59
01/10/2021;170.95
04/10/2021;169.69
05/10/2021;170.7
06/10/2021;172.58
07/10/2021;171.21
08/10/2021;172.52
11/10/2021;171.78
13/10/2021;168.3
14/10/2021;167.68
15/10/2021;168.55
18/10/2021;168.55
19/10/2021;169.89
20/10/2021;172.99
21/10/2021;174.69
22/10/2021;174.62
25/10/2021;171.97
26/10/2021;171.58
27/10/2021;171.79
28/10/2021;172.17
29/10/2021;171.13
01/11/2021;171.21
03/11/2021;168.17
04/11/2021;165.21
05/11/2021;162.72
08/11/2021;161
09/11/2021;160.48
10/11/2021;159.93
11/11/2021;158.88
12/11/2021;159.17
16/11/2021;163.71
17/11/2021;166.1
18/11/2021;167.78
19/11/2021;167.72
22/11/2021;169.82
23/11/2021;172.05
24/11/2021;170.19
25/11/2021;170.58
26/11/2021;166.3
29/11/2021;168.09
30/11/2021;166.76
01/12/2021;166.71
02/12/2021;167.55
03/12/2021;170.56
06/12/2021;168.21
07/12/2021;167.79
08/12/2021;165.97
09/12/2021;165.16
10/12/2021;166.05
13/12/2021;165.93
14/12/2021;166.35
15/12/2021;169.04
16/12/2021;171.26
17/12/2021;171.42
20/12/2021;171.53
21/12/2021;171.7
22/12/2021;174.59
23/12/2021;174.44
27/12/2021;176.06
28/12/2021;176.21
29/12/2021;176.42
30/12/2021;172.34
03/01/2022;174.91
04/01/2022;179.13
05/01/2022;182.14
06/01/2022;180.62
07/01/2022;180.7
10/01/2022;180.66
11/01/2022;180.27
12/01/2022;178.3
13/01/2022;177.41
14/01/2022;176.56
17/01/2022;176.72
18/01/2022;176.16
19/01/2022;176.86
20/01/2022;179.39
21/01/2022;180.15
24/01/2022;179.47
25/01/2022;179.73
26/01/2022;184.22
27/01/2022;181.48
28/01/2022;183.8
31/01/2022;184.29
01/02/2022;188.67
02/02/2022;192.71
03/02/2022;191.98
04/02/2022;193.36
07/02/2022;197.85
08/02/2022;196.56
09/02/2022;197.19
10/02/2022;198.33
11/02/2022;195.85
14/02/2022;191.08
15/02/2022;189.54
16/02/2022;189.59
17/02/2022;195.11
18/02/2022;195.9
