data;tx
04/01/2010;1.7232
05/01/2010;1.7219
06/01/2010;1.7329
07/01/2010;1.7405
08/01/2010;1.7382
11/01/2010;1.7315
12/01/2010;1.7431
13/01/2010;1.7434
14/01/2010;1.764
15/01/2010;1.7703
18/01/2010;1.7713
19/01/2010;1.7739
20/01/2010;1.7846
21/01/2010;1.7895
22/01/2010;1.8179
25/01/2010;1.8186
26/01/2010;1.8359
27/01/2010;1.8505
28/01/2010;1.8552
29/01/2010;1.874
01/02/2010;1.8765
02/02/2010;1.8355
03/02/2010;1.8329
04/02/2010;1.8707
05/02/2010;1.8745
08/02/2010;1.8722
09/02/2010;1.8542
10/02/2010;1.8475
11/02/2010;1.8508
12/02/2010;1.8662
17/02/2010;1.8305
18/02/2010;1.8258
19/02/2010;1.8108
22/02/2010;1.8038
23/02/2010;1.8178
24/02/2010;1.8195
25/02/2010;1.8356
26/02/2010;1.8102
01/03/2010;1.7992
02/03/2010;1.7843
03/03/2010;1.7838
04/03/2010;1.788
05/03/2010;1.7816
08/03/2010;1.7818
09/03/2010;1.7891
10/03/2010;1.7708
11/03/2010;1.7685
12/03/2010;1.7629
15/03/2010;1.7636
16/03/2010;1.7658
17/03/2010;1.7632
18/03/2010;1.784
19/03/2010;1.7946
22/03/2010;1.8022
23/03/2010;1.7805
24/03/2010;1.7896
25/03/2010;1.8
26/03/2010;1.8223
29/03/2010;1.8056
30/03/2010;1.7944
31/03/2010;1.7802
01/04/2010;1.7693
05/04/2010;1.7565
06/04/2010;1.7597
07/04/2010;1.7654
08/04/2010;1.7798
09/04/2010;1.7722
12/04/2010;1.76
13/04/2010;1.7576
14/04/2010;1.7438
15/04/2010;1.7475
16/04/2010;1.755
19/04/2010;1.758
20/04/2010;1.7489
22/04/2010;1.7618
23/04/2010;1.7616
26/04/2010;1.7438
27/04/2010;1.7584
28/04/2010;1.755
29/04/2010;1.7313
30/04/2010;1.7298
03/05/2010;1.7307
04/05/2010;1.7549
05/05/2010;1.7854
06/05/2010;1.8345
07/05/2010;1.8335
10/05/2010;1.7825
11/05/2010;1.7835
12/05/2010;1.7715
13/05/2010;1.7729
14/05/2010;1.7959
17/05/2010;1.8037
18/05/2010;1.7913
19/05/2010;1.8358
20/05/2010;1.8669
21/05/2010;1.8702
24/05/2010;1.8514
25/05/2010;1.8803
26/05/2010;1.8453
27/05/2010;1.832
28/05/2010;1.8221
31/05/2010;1.8159
01/06/2010;1.8247
02/06/2010;1.8354
04/06/2010;1.8393
07/06/2010;1.8626
08/06/2010;1.865
09/06/2010;1.8415
10/06/2010;1.8177
11/06/2010;1.8117
14/06/2010;1.8022
15/06/2010;1.7963
16/06/2010;1.7885
17/06/2010;1.7809
18/06/2010;1.7753
21/06/2010;1.7655
22/06/2010;1.7672
23/06/2010;1.79
24/06/2010;1.7899
25/06/2010;1.7773
28/06/2010;1.7818
29/06/2010;1.8068
30/06/2010;1.8007
01/07/2010;1.7998
02/07/2010;1.7777
05/07/2010;1.7747
06/07/2010;1.7657
07/07/2010;1.7711
08/07/2010;1.7644
09/07/2010;1.7564
12/07/2010;1.7636
13/07/2010;1.7517
14/07/2010;1.7649
15/07/2010;1.7682
16/07/2010;1.7784
19/07/2010;1.7846
20/07/2010;1.7792
21/07/2010;1.7758
22/07/2010;1.7621
23/07/2010;1.7609
26/07/2010;1.7661
27/07/2010;1.765
28/07/2010;1.7642
29/07/2010;1.7635
30/07/2010;1.7564
02/08/2010;1.7481
03/08/2010;1.7586
04/08/2010;1.7555
05/08/2010;1.7527
06/08/2010;1.7558
09/08/2010;1.7529
10/08/2010;1.7568
11/08/2010;1.7655
12/08/2010;1.7723
13/08/2010;1.7708
16/08/2010;1.7631
17/08/2010;1.752
18/08/2010;1.7505
19/08/2010;1.7576
20/08/2010;1.7589
23/08/2010;1.7579
24/08/2010;1.7719
25/08/2010;1.766
26/08/2010;1.7588
27/08/2010;1.7536
30/08/2010;1.7583
31/08/2010;1.7552
01/09/2010;1.7433
02/09/2010;1.7359
03/09/2010;1.7273
06/09/2010;1.7251
08/09/2010;1.7223
09/09/2010;1.723
10/09/2010;1.7178
13/09/2010;1.7166
14/09/2010;1.706
15/09/2010;1.7161
16/09/2010;1.7176
17/09/2010;1.7158
20/09/2010;1.7208
21/09/2010;1.7247
22/09/2010;1.7176
23/09/2010;1.7186
24/09/2010;1.7112
27/09/2010;1.7092
28/09/2010;1.7085
29/09/2010;1.7045
30/09/2010;1.6934
01/10/2010;1.6804
04/10/2010;1.6874
05/10/2010;1.68
06/10/2010;1.675
07/10/2010;1.6769
08/10/2010;1.6796
11/10/2010;1.664
13/10/2010;1.6546
14/10/2010;1.6588
15/10/2010;1.6596
18/10/2010;1.6678
19/10/2010;1.686
20/10/2010;1.6727
21/10/2010;1.6889
22/10/2010;1.6989
25/10/2010;1.7018
26/10/2010;1.7037
27/10/2010;1.7069
28/10/2010;1.7104
29/10/2010;1.7006
01/11/2010;1.7036
03/11/2010;1.6929
04/11/2010;1.6811
05/11/2010;1.6793
08/11/2010;1.6962
09/11/2010;1.6962
10/11/2010;1.7062
11/11/2010;1.717
12/11/2010;1.719
16/11/2010;1.7287
17/11/2010;1.729
18/11/2010;1.7135
19/11/2010;1.7181
22/11/2010;1.7227
23/11/2010;1.7328
24/11/2010;1.7239
25/11/2010;1.7198
26/11/2010;1.729
29/11/2010;1.7263
30/11/2010;1.7153
01/12/2010;1.7036
02/12/2010;1.7021
06/12/2010;1.6828
07/12/2010;1.6731
08/12/2010;1.6884
09/12/2010;1.7016
10/12/2010;1.7109
13/12/2010;1.7019
14/12/2010;1.6941
15/12/2010;1.698
16/12/2010;1.702
17/12/2010;1.709
20/12/2010;1.7074
21/12/2010;1.6966
22/12/2010;1.6938
23/12/2010;1.6976
24/12/2010;1.6895
27/12/2010;1.6914
28/12/2010;1.6858
29/12/2010;1.678
30/12/2010;1.6654
31/12/2010;1.6654
03/01/2011;1.6502
04/01/2011;1.6548
05/01/2011;1.6705
06/01/2011;1.6849
07/01/2011;1.6853
10/01/2011;1.6904
11/01/2011;1.6879
12/01/2011;1.6879
13/01/2011;1.6693
14/01/2011;1.6835
17/01/2011;1.681
18/01/2011;1.6737
19/01/2011;1.6706
20/01/2011;1.6707
21/01/2011;1.6715
24/01/2011;1.6723
25/01/2011;1.6737
26/01/2011;1.6684
27/01/2011;1.6712
28/01/2011;1.6774
31/01/2011;1.6726
01/02/2011;1.6623
02/02/2011;1.6663
03/02/2011;1.6689
04/02/2011;1.673
07/02/2011;1.6768
08/02/2011;1.6703
09/02/2011;1.6635
10/02/2011;1.6672
11/02/2011;1.6671
14/02/2011;1.6673
15/02/2011;1.6674
16/02/2011;1.6696
17/02/2011;1.6696
18/02/2011;1.6669
21/02/2011;1.6659
22/02/2011;1.6686
23/02/2011;1.6712
24/02/2011;1.6641
25/02/2011;1.6617
28/02/2011;1.6604
01/03/2011;1.6619
02/03/2011;1.6602
03/03/2011;1.6537
04/03/2011;1.6454
09/03/2011;1.6551
10/03/2011;1.6604
11/03/2011;1.6641
14/03/2011;1.6623
15/03/2011;1.6684
16/03/2011;1.6666
17/03/2011;1.6749
18/03/2011;1.6712
21/03/2011;1.6644
22/03/2011;1.663
23/03/2011;1.6594
24/03/2011;1.6585
25/03/2011;1.6573
28/03/2011;1.6606
29/03/2011;1.6538
30/03/2011;1.6352
31/03/2011;1.6279
01/04/2011;1.6186
04/04/2011;1.6102
05/04/2011;1.6079
06/04/2011;1.6089
07/04/2011;1.5919
08/04/2011;1.5754
11/04/2011;1.5797
12/04/2011;1.5862
13/04/2011;1.5856
14/04/2011;1.5834
15/04/2011;1.5768
18/04/2011;1.5904
19/04/2011;1.5784
20/04/2011;1.5714
25/04/2011;1.5712
26/04/2011;1.5646
27/04/2011;1.5697
28/04/2011;1.5845
29/04/2011;1.5725
02/05/2011;1.5739
03/05/2011;1.5882
04/05/2011;1.6022
05/05/2011;1.6211
06/05/2011;1.6103
09/05/2011;1.6191
10/05/2011;1.6061
11/05/2011;1.617
12/05/2011;1.6199
13/05/2011;1.632
16/05/2011;1.6309
17/05/2011;1.6282
18/05/2011;1.6158
19/05/2011;1.6157
20/05/2011;1.6161
23/05/2011;1.6331
24/05/2011;1.6248
25/05/2011;1.6289
26/05/2011;1.6188
27/05/2011;1.603
30/05/2011;1.595
31/05/2011;1.5791
01/06/2011;1.587
02/06/2011;1.5797
03/06/2011;1.5736
06/06/2011;1.5802
07/06/2011;1.5756
08/06/2011;1.5812
09/06/2011;1.5869
10/06/2011;1.593
13/06/2011;1.588
14/06/2011;1.5813
15/06/2011;1.5952
16/06/2011;1.61
17/06/2011;1.5971
20/06/2011;1.5961
21/06/2011;1.5902
22/06/2011;1.5869
24/06/2011;1.598
27/06/2011;1.5961
28/06/2011;1.5825
29/06/2011;1.5722
30/06/2011;1.5603
01/07/2011;1.5591
04/07/2011;1.5572
05/07/2011;1.5629
06/07/2011;1.5654
07/07/2011;1.5573
08/07/2011;1.5626
11/07/2011;1.5788
12/07/2011;1.5765
13/07/2011;1.5754
14/07/2011;1.5721
15/07/2011;1.5735
18/07/2011;1.582
19/07/2011;1.5683
20/07/2011;1.5643
21/07/2011;1.5559
22/07/2011;1.5539
25/07/2011;1.5441
26/07/2011;1.5337
27/07/2011;1.5631
28/07/2011;1.5643
29/07/2011;1.5555
01/08/2011;1.5543
02/08/2011;1.5648
03/08/2011;1.5643
04/08/2011;1.5744
05/08/2011;1.5887
08/08/2011;1.5991
09/08/2011;1.6326
10/08/2011;1.6175
11/08/2011;1.6298
12/08/2011;1.6149
15/08/2011;1.5948
16/08/2011;1.591
17/08/2011;1.5822
18/08/2011;1.6054
19/08/2011;1.5952
22/08/2011;1.6001
23/08/2011;1.6028
24/08/2011;1.6031
25/08/2011;1.6146
26/08/2011;1.6106
29/08/2011;1.5966
30/08/2011;1.5896
31/08/2011;1.5864
01/09/2011;1.6032
02/09/2011;1.6335
05/09/2011;1.6514
06/09/2011;1.6575
08/09/2011;1.6558
09/09/2011;1.6766
12/09/2011;1.6891
13/09/2011;1.7119
14/09/2011;1.728
15/09/2011;1.7098
16/09/2011;1.7114
19/09/2011;1.7755
20/09/2011;1.7862
21/09/2011;1.8272
22/09/2011;1.9008
23/09/2011;1.8727
26/09/2011;1.8437
27/09/2011;1.8
28/09/2011;1.8123
29/09/2011;1.8283
30/09/2011;1.8536
03/10/2011;1.8804
04/10/2011;1.8848
05/10/2011;1.8449
06/10/2011;1.8109
07/10/2011;1.7659
10/10/2011;1.7471
11/10/2011;1.7652
13/10/2011;1.7529
14/10/2011;1.7369
17/10/2011;1.7481
18/10/2011;1.7717
19/10/2011;1.7597
20/10/2011;1.7819
21/10/2011;1.7796
24/10/2011;1.7761
25/10/2011;1.7541
26/10/2011;1.7599
27/10/2011;1.7316
28/10/2011;1.6979
31/10/2011;1.6878
01/11/2011;1.7499
03/11/2011;1.7262
04/11/2011;1.7408
07/11/2011;1.7486
08/11/2011;1.7446
09/11/2011;1.751
10/11/2011;1.7603
11/11/2011;1.754
14/11/2011;1.7642
16/11/2011;1.7765
17/11/2011;1.7767
18/11/2011;1.7716
21/11/2011;1.8053
22/11/2011;1.8062
23/11/2011;1.8434
24/11/2011;1.8652
25/11/2011;1.893
28/11/2011;1.859
29/11/2011;1.8478
30/11/2011;1.8102
01/12/2011;1.7922
02/12/2011;1.7836
05/12/2011;1.7823
06/12/2011;1.7906
07/12/2011;1.7974
08/12/2011;1.7934
09/12/2011;1.8123
12/12/2011;1.8211
13/12/2011;1.8403
14/12/2011;1.8721
15/12/2011;1.8602
16/12/2011;1.8458
19/12/2011;1.8608
20/12/2011;1.8501
21/12/2011;1.855
22/12/2011;1.8571
23/12/2011;1.8554
26/12/2011;1.8559
27/12/2011;1.8578
28/12/2011;1.8626
29/12/2011;1.8751
02/01/2012;1.8676
03/01/2012;1.845
04/01/2012;1.8265
05/01/2012;1.8365
06/01/2012;1.8442
09/01/2012;1.8435
10/01/2012;1.8036
11/01/2012;1.8041
12/01/2012;1.7867
13/01/2012;1.7846
16/01/2012;1.783
17/01/2012;1.7754
18/01/2012;1.7785
19/01/2012;1.7642
20/01/2012;1.7664
23/01/2012;1.7521
24/01/2012;1.7643
25/01/2012;1.7623
26/01/2012;1.7382
27/01/2012;1.7429
30/01/2012;1.7502
31/01/2012;1.7385
01/02/2012;1.737
02/02/2012;1.732
03/02/2012;1.7216
06/02/2012;1.7243
07/02/2012;1.7255
08/02/2012;1.7189
09/02/2012;1.7219
10/02/2012;1.7254
13/02/2012;1.7162
14/02/2012;1.7167
15/02/2012;1.7151
16/02/2012;1.732
17/02/2012;1.713
22/02/2012;1.7069
23/02/2012;1.7033
24/02/2012;1.7091
27/02/2012;1.7082
28/02/2012;1.7017
29/02/2012;1.7086
01/03/2012;1.7146
02/03/2012;1.7239
05/03/2012;1.7308
06/03/2012;1.755
07/03/2012;1.7685
08/03/2012;1.7691
09/03/2012;1.7761
12/03/2012;1.8151
13/03/2012;1.8096
14/03/2012;1.814
15/03/2012;1.8
16/03/2012;1.8012
19/03/2012;1.8084
20/03/2012;1.8253
21/03/2012;1.8261
22/03/2012;1.8244
23/03/2012;1.8188
26/03/2012;1.8137
27/03/2012;1.8129
28/03/2012;1.8217
29/03/2012;1.8327
30/03/2012;1.8215
02/04/2012;1.8308
03/04/2012;1.825
04/04/2012;1.831
05/04/2012;1.8295
09/04/2012;1.8254
10/04/2012;1.8311
11/04/2012;1.8297
12/04/2012;1.8264
13/04/2012;1.8358
16/04/2012;1.8367
17/04/2012;1.8447
18/04/2012;1.8688
19/04/2012;1.8861
20/04/2012;1.878
23/04/2012;1.8858
24/04/2012;1.8774
25/04/2012;1.8801
26/04/2012;1.8864
27/04/2012;1.8846
30/04/2012;1.8912
02/05/2012;1.9143
03/05/2012;1.9271
04/05/2012;1.9204
07/05/2012;1.9262
08/05/2012;1.936
09/05/2012;1.9571
10/05/2012;1.9576
11/05/2012;1.9507
14/05/2012;1.986
15/05/2012;1.9941
16/05/2012;1.9968
17/05/2012;1.9967
18/05/2012;2.0088
21/05/2012;2.0368
22/05/2012;2.0487
23/05/2012;2.0809
24/05/2012;2.0378
25/05/2012;2.0026
28/05/2012;1.9772
29/05/2012;1.9938
30/05/2012;2.0072
31/05/2012;2.0217
01/06/2012;2.0344
04/06/2012;2.0404
05/06/2012;2.0259
06/06/2012;2.0176
08/06/2012;2.0347
11/06/2012;2.0342
12/06/2012;2.0558
13/06/2012;2.0597
14/06/2012;2.0685
15/06/2012;2.0437
18/06/2012;2.0628
19/06/2012;2.0433
20/06/2012;2.0287
21/06/2012;2.0357
22/06/2012;2.0549
25/06/2012;2.0712
26/06/2012;2.0737
27/06/2012;2.0758
28/06/2012;2.0897
29/06/2012;2.0207
02/07/2012;1.9887
03/07/2012;1.9882
04/07/2012;2.0195
05/07/2012;2.0287
06/07/2012;2.0287
09/07/2012;2.0303
10/07/2012;2.0327
11/07/2012;2.0304
12/07/2012;2.0465
13/07/2012;2.0332
16/07/2012;2.0375
17/07/2012;2.0343
18/07/2012;2.0253
19/07/2012;2.0233
20/07/2012;2.022
23/07/2012;2.0406
24/07/2012;2.0413
25/07/2012;2.0397
26/07/2012;2.0249
27/07/2012;2.0167
30/07/2012;2.0308
31/07/2012;2.0494
01/08/2012;2.0426
02/08/2012;2.047
03/08/2012;2.0307
06/08/2012;2.0273
07/08/2012;2.0276
08/08/2012;2.0267
09/08/2012;2.0177
10/08/2012;2.0169
13/08/2012;2.026
14/08/2012;2.0252
15/08/2012;2.0228
16/08/2012;2.0208
17/08/2012;2.0176
20/08/2012;2.0203
21/08/2012;2.0167
22/08/2012;2.0204
23/08/2012;2.0236
24/08/2012;2.025
27/08/2012;2.0287
28/08/2012;2.0427
29/08/2012;2.0503
30/08/2012;2.0507
31/08/2012;2.0366
03/09/2012;2.0329
04/09/2012;2.0386
05/09/2012;2.038
06/09/2012;2.0375
10/09/2012;2.0235
11/09/2012;2.0192
12/09/2012;2.0198
13/09/2012;2.0249
14/09/2012;2.0133
17/09/2012;2.0306
18/09/2012;2.0268
19/09/2012;2.023
20/09/2012;2.0257
21/09/2012;2.0235
24/09/2012;2.0267
25/09/2012;2.0245
26/09/2012;2.0335
27/09/2012;2.0305
28/09/2012;2.03
01/10/2012;2.0254
02/10/2012;2.026
03/10/2012;2.026
04/10/2012;2.0218
05/10/2012;2.024
08/10/2012;2.0307
09/10/2012;2.0331
10/10/2012;2.0373
11/10/2012;2.0363
15/10/2012;2.0377
16/10/2012;2.0345
17/10/2012;2.033
18/10/2012;2.029
19/10/2012;2.0266
22/10/2012;2.026
23/10/2012;2.0281
24/10/2012;2.0257
25/10/2012;2.0256
26/10/2012;2.0257
29/10/2012;2.0291
30/10/2012;2.0318
31/10/2012;2.0308
01/11/2012;2.0306
05/11/2012;2.0344
06/11/2012;2.0336
07/11/2012;2.0324
08/11/2012;2.0352
09/11/2012;2.0507
12/11/2012;2.047
13/11/2012;2.0609
14/11/2012;2.0624
16/11/2012;2.0706
19/11/2012;2.074
20/11/2012;2.0827
21/11/2012;2.0918
22/11/2012;2.0907
23/11/2012;2.098
26/11/2012;2.0782
27/11/2012;2.0746
28/11/2012;2.0907
29/11/2012;2.0986
30/11/2012;2.1068
03/12/2012;2.1115
04/12/2012;2.1072
05/12/2012;2.104
06/12/2012;2.0831
07/12/2012;2.0798
10/12/2012;2.0804
11/12/2012;2.0737
12/12/2012;2.0795
13/12/2012;2.0745
14/12/2012;2.0834
17/12/2012;2.0896
18/12/2012;2.096
19/12/2012;2.0785
20/12/2012;2.062
21/12/2012;2.0751
24/12/2012;2.0767
26/12/2012;2.0563
27/12/2012;2.0477
28/12/2012;2.0429
31/12/2012;2.0429
02/01/2013;2.0409
03/01/2013;2.0458
04/01/2013;2.0419
07/01/2013;2.0306
08/01/2013;2.028
09/01/2013;2.0411
10/01/2013;2.0352
11/01/2013;2.0335
14/01/2013;2.0328
15/01/2013;2.0368
16/01/2013;2.0403
17/01/2013;2.0405
18/01/2013;2.0435
21/01/2013;2.0415
22/01/2013;2.0466
23/01/2013;2.0388
24/01/2013;2.0338
25/01/2013;2.0277
28/01/2013;2.0235
29/01/2013;1.9906
30/01/2013;1.9894
31/01/2013;1.9877
01/02/2013;1.9838
04/02/2013;1.9888
05/02/2013;1.9875
06/02/2013;1.9878
07/02/2013;1.9783
08/02/2013;1.963
13/02/2013;1.9665
14/02/2013;1.966
15/02/2013;1.9594
18/02/2013;1.967
19/02/2013;1.9591
20/02/2013;1.9564
21/02/2013;1.9715
22/02/2013;1.9699
25/02/2013;1.967
26/02/2013;1.9812
27/02/2013;1.9801
28/02/2013;1.9749
01/03/2013;1.9843
04/03/2013;1.9822
05/03/2013;1.9688
06/03/2013;1.9668
07/03/2013;1.9636
08/03/2013;1.9522
11/03/2013;1.9546
12/03/2013;1.9579
13/03/2013;1.9614
14/03/2013;1.9671
15/03/2013;1.9743
18/03/2013;1.9865
19/03/2013;1.9824
20/03/2013;1.9862
21/03/2013;1.9925
22/03/2013;2.012
25/03/2013;2.0134
26/03/2013;2.0081
27/03/2013;2.0179
28/03/2013;2.0132
01/04/2013;2.018
02/04/2013;2.0173
03/04/2013;2.0233
04/04/2013;2.0195
05/04/2013;2.0029
08/04/2013;1.9897
09/04/2013;1.9855
10/04/2013;1.9804
11/04/2013;1.9731
12/04/2013;1.9755
15/04/2013;1.9784
16/04/2013;1.9897
17/04/2013;1.9933
18/04/2013;2.0146
19/04/2013;2.0084
22/04/2013;2.0148
23/04/2013;2.0164
24/04/2013;2.0238
25/04/2013;2.0114
26/04/2013;1.9995
29/04/2013;1.9993
30/04/2013;2.0011
02/05/2013;2.0089
03/05/2013;2.0088
06/05/2013;2.0137
07/05/2013;2.0104
08/05/2013;2.0024
09/05/2013;2.0046
10/05/2013;2.0225
13/05/2013;2.0144
14/05/2013;2.0057
15/05/2013;2.0227
16/05/2013;2.0249
17/05/2013;2.0348
20/05/2013;2.0328
21/05/2013;2.0396
22/05/2013;2.0381
23/05/2013;2.0531
24/05/2013;2.0489
27/05/2013;2.0521
28/05/2013;2.061
29/05/2013;2.0888
31/05/2013;2.1314
03/06/2013;2.1349
04/06/2013;2.1276
05/06/2013;2.1229
06/06/2013;2.1244
07/06/2013;2.1367
10/06/2013;2.1501
11/06/2013;2.1515
12/06/2013;2.1415
13/06/2013;2.1441
14/06/2013;2.1361
17/06/2013;2.1532
18/06/2013;2.17
19/06/2013;2.1738
20/06/2013;2.2517
21/06/2013;2.2642
24/06/2013;2.2509
25/06/2013;2.218
26/06/2013;2.1969
27/06/2013;2.184
28/06/2013;2.215
01/07/2013;2.2292
02/07/2013;2.2407
03/07/2013;2.2628
04/07/2013;2.2589
05/07/2013;2.2639
08/07/2013;2.2577
09/07/2013;2.2615
10/07/2013;2.2691
11/07/2013;2.2666
12/07/2013;2.2664
15/07/2013;2.2543
16/07/2013;2.2347
17/07/2013;2.2366
18/07/2013;2.2291
19/07/2013;2.2358
22/07/2013;2.238
23/07/2013;2.2261
24/07/2013;2.2342
25/07/2013;2.2491
26/07/2013;2.2483
29/07/2013;2.2603
30/07/2013;2.2729
31/07/2013;2.2897
01/08/2013;2.2908
02/08/2013;2.2927
05/08/2013;2.3004
06/08/2013;2.2949
07/08/2013;2.3022
08/08/2013;2.2876
09/08/2013;2.2743
12/08/2013;2.2716
13/08/2013;2.3029
14/08/2013;2.3112
15/08/2013;2.3428
16/08/2013;2.3559
19/08/2013;2.3974
20/08/2013;2.3937
21/08/2013;2.4163
22/08/2013;2.4451
23/08/2013;2.3862
26/08/2013;2.3699
27/08/2013;2.3992
28/08/2013;2.3509
29/08/2013;2.3572
30/08/2013;2.3719
02/09/2013;2.3637
03/09/2013;2.3891
04/09/2013;2.3532
05/09/2013;2.3308
06/09/2013;2.2973
09/09/2013;2.2862
10/09/2013;2.2773
11/09/2013;2.2941
12/09/2013;2.2763
13/09/2013;2.2779
16/09/2013;2.2643
17/09/2013;2.2611
18/09/2013;2.2483
19/09/2013;2.2029
20/09/2013;2.2047
23/09/2013;2.2026
24/09/2013;2.2025
25/09/2013;2.2218
26/09/2013;2.2279
27/09/2013;2.2565
30/09/2013;2.2294
01/10/2013;2.2118
02/10/2013;2.2082
03/10/2013;2.2063
04/10/2013;2.2045
07/10/2013;2.2081
08/10/2013;2.201
09/10/2013;2.2048
10/10/2013;2.1844
11/10/2013;2.1815
14/10/2013;2.1811
15/10/2013;2.1812
16/10/2013;2.1623
17/10/2013;2.1605
18/10/2013;2.161
21/10/2013;2.1732
22/10/2013;2.1754
23/10/2013;2.1821
24/10/2013;2.1997
25/10/2013;2.1842
28/10/2013;2.184
29/10/2013;2.1798
30/10/2013;2.1882
31/10/2013;2.202
01/11/2013;2.2462
04/11/2013;2.242
05/11/2013;2.2741
06/11/2013;2.2779
07/11/2013;2.2819
08/11/2013;2.3164
11/11/2013;2.3136
12/11/2013;2.3356
13/11/2013;2.3228
14/11/2013;2.3283
18/11/2013;2.2822
19/11/2013;2.2656
20/11/2013;2.2713
21/11/2013;2.3061
22/11/2013;2.2906
25/11/2013;2.2865
26/11/2013;2.3034
27/11/2013;2.3052
28/11/2013;2.3202
29/11/2013;2.3243
02/12/2013;2.3443
03/12/2013;2.3552
04/12/2013;2.374
05/12/2013;2.3741
06/12/2013;2.3519
09/12/2013;2.3218
10/12/2013;2.3096
11/12/2013;2.3256
12/12/2013;2.3333
13/12/2013;2.3348
16/12/2013;2.3249
17/12/2013;2.3215
18/12/2013;2.3268
19/12/2013;2.3522
20/12/2013;2.3811
23/12/2013;2.37
24/12/2013;2.3543
26/12/2013;2.3501
27/12/2013;2.3532
30/12/2013;2.342
31/12/2013;2.342
02/01/2014;2.3969
03/01/2014;2.3734
06/01/2014;2.3783
07/01/2014;2.3628
08/01/2014;2.3773
09/01/2014;2.3954
10/01/2014;2.3813
13/01/2014;2.3485
14/01/2014;2.3611
15/01/2014;2.3465
16/01/2014;2.3677
17/01/2014;2.3595
20/01/2014;2.3329
21/01/2014;2.3602
22/01/2014;2.3595
23/01/2014;2.3755
24/01/2014;2.4123
27/01/2014;2.4038
28/01/2014;2.4159
29/01/2014;2.439
30/01/2014;2.4218
31/01/2014;2.4257
03/02/2014;2.4084
04/02/2014;2.4171
05/02/2014;2.4101
06/02/2014;2.4035
07/02/2014;2.3811
10/02/2014;2.393
11/02/2014;2.407
12/02/2014;2.408
13/02/2014;2.4232
14/02/2014;2.3919
17/02/2014;2.3864
18/02/2014;2.3977
19/02/2014;2.398
20/02/2014;2.3793
21/02/2014;2.3619
24/02/2014;2.3385
25/02/2014;2.3361
26/02/2014;2.3448
27/02/2014;2.3431
28/02/2014;2.3327
05/03/2014;2.3234
06/03/2014;2.3088
07/03/2014;2.3376
10/03/2014;2.3404
11/03/2014;2.3455
12/03/2014;2.3643
13/03/2014;2.348
14/03/2014;2.3631
17/03/2014;2.3513
18/03/2014;2.3516
19/03/2014;2.3333
20/03/2014;2.3414
21/03/2014;2.3239
24/03/2014;2.3242
25/03/2014;2.3118
26/03/2014;2.3113
27/03/2014;2.2824
28/03/2014;2.2597
31/03/2014;2.2624
01/04/2014;2.2614
02/04/2014;2.2705
03/04/2014;2.2805
04/04/2014;2.2414
07/04/2014;2.223
08/04/2014;2.1968
09/04/2014;2.2105
10/04/2014;2.1982
11/04/2014;2.2053
14/04/2014;2.209
15/04/2014;2.2251
16/04/2014;2.2336
17/04/2014;2.2476
22/04/2014;2.2443
23/04/2014;2.242
24/04/2014;2.2223
25/04/2014;2.2319
28/04/2014;2.2364
29/04/2014;2.2193
30/04/2014;2.2354
02/05/2014;2.2215
05/05/2014;2.228
06/05/2014;2.2316
07/05/2014;2.2276
08/05/2014;2.2101
09/05/2014;2.2186
12/05/2014;2.2158
13/05/2014;2.2095
14/05/2014;2.2123
15/05/2014;2.216
16/05/2014;2.2104
19/05/2014;2.2105
20/05/2014;2.215
21/05/2014;2.2105
22/05/2014;2.2125
23/05/2014;2.2181
26/05/2014;2.2203
27/05/2014;2.2348
28/05/2014;2.2399
29/05/2014;2.2245
30/05/2014;2.2384
02/06/2014;2.2634
03/06/2014;2.2648
04/06/2014;2.2796
05/06/2014;2.2689
06/06/2014;2.2439
09/06/2014;2.233
10/06/2014;2.229
11/06/2014;2.2301
12/06/2014;2.2298
13/06/2014;2.2341
16/06/2014;2.2307
17/06/2014;2.248
18/06/2014;2.2528
20/06/2014;2.2374
23/06/2014;2.2189
24/06/2014;2.2211
25/06/2014;2.2046
26/06/2014;2.2083
27/06/2014;2.1969
30/06/2014;2.2019
01/07/2014;2.2048
02/07/2014;2.2127
03/07/2014;2.2275
04/07/2014;2.2143
07/07/2014;2.2195
08/07/2014;2.2144
09/07/2014;2.2128
10/07/2014;2.2231
11/07/2014;2.2222
14/07/2014;2.217
15/07/2014;2.2189
16/07/2014;2.2187
17/07/2014;2.2397
18/07/2014;2.2356
21/07/2014;2.2232
22/07/2014;2.2123
23/07/2014;2.2196
24/07/2014;2.2198
25/07/2014;2.2287
28/07/2014;2.2296
29/07/2014;2.2272
30/07/2014;2.2441
31/07/2014;2.2668
01/08/2014;2.26
04/08/2014;2.2571
05/08/2014;2.275
06/08/2014;2.2784
07/08/2014;2.2796
08/08/2014;2.298
11/08/2014;2.2773
12/08/2014;2.2764
13/08/2014;2.2686
14/08/2014;2.2697
15/08/2014;2.2684
18/08/2014;2.2589
19/08/2014;2.2581
20/08/2014;2.2544
21/08/2014;2.2576
22/08/2014;2.2772
25/08/2014;2.2802
26/08/2014;2.2742
27/08/2014;2.2585
28/08/2014;2.2493
29/08/2014;2.239
01/09/2014;2.2358
02/09/2014;2.2515
03/09/2014;2.2313
04/09/2014;2.235
05/09/2014;2.241
08/09/2014;2.2485
09/09/2014;2.2807
10/09/2014;2.2961
11/09/2014;2.2874
12/09/2014;2.3244
15/09/2014;2.3395
16/09/2014;2.3345
17/09/2014;2.3378
18/09/2014;2.3661
19/09/2014;2.365
22/09/2014;2.3864
23/09/2014;2.402
24/09/2014;2.4064
25/09/2014;2.4078
26/09/2014;2.4304
29/09/2014;2.4516
30/09/2014;2.4504
01/10/2014;2.4617
02/10/2014;2.4779
03/10/2014;2.4926
06/10/2014;2.4092
07/10/2014;2.4032
08/10/2014;2.4065
09/10/2014;2.3908
10/10/2014;2.4096
13/10/2014;2.3917
14/10/2014;2.3985
15/10/2014;2.431
16/10/2014;2.4763
17/10/2014;2.447
20/10/2014;2.4548
21/10/2014;2.4791
22/10/2014;2.4775
23/10/2014;2.4998
24/10/2014;2.4799
27/10/2014;2.5335
28/10/2014;2.4863
29/10/2014;2.434
30/10/2014;2.4113
31/10/2014;2.4436
03/11/2014;2.4833
04/11/2014;2.5189
05/11/2014;2.5162
06/11/2014;2.5319
07/11/2014;2.5715
10/11/2014;2.5384
11/11/2014;2.5638
12/11/2014;2.5544
13/11/2014;2.5719
14/11/2014;2.6129
17/11/2014;2.6029
18/11/2014;2.5961
19/11/2014;2.5843
20/11/2014;2.554
21/11/2014;2.5384
24/11/2014;2.5276
25/11/2014;2.523
26/11/2014;2.5097
27/11/2014;2.5059
28/11/2014;2.5595
01/12/2014;2.5618
02/12/2014;2.5658
03/12/2014;2.5601
04/12/2014;2.5791
05/12/2014;2.5882
08/12/2014;2.5917
09/12/2014;2.601
10/12/2014;2.5925
11/12/2014;2.6265
12/12/2014;2.6552
15/12/2014;2.6711
16/12/2014;2.7397
17/12/2014;2.724
18/12/2014;2.6669
19/12/2014;2.648
22/12/2014;2.652
23/12/2014;2.6769
24/12/2014;2.6822
26/12/2014;2.6806
29/12/2014;2.6777
30/12/2014;2.6556
31/12/2014;2.6556
02/01/2015;2.6923
05/01/2015;2.7101
06/01/2015;2.7016
07/01/2015;2.6801
08/01/2015;2.6913
09/01/2015;2.6577
12/01/2015;2.6569
13/01/2015;2.6479
14/01/2015;2.6216
15/01/2015;2.6116
16/01/2015;2.6187
19/01/2015;2.6237
20/01/2015;2.6241
21/01/2015;2.5961
22/01/2015;2.5748
23/01/2015;2.585
26/01/2015;2.596
27/01/2015;2.5803
28/01/2015;2.5791
29/01/2015;2.5954
30/01/2015;2.6617
02/02/2015;2.6888
03/02/2015;2.7053
04/02/2015;2.7142
05/02/2015;2.738
06/02/2015;2.7635
09/02/2015;2.7867
10/02/2015;2.8069
11/02/2015;2.857
12/02/2015;2.8619
13/02/2015;2.8385
18/02/2015;2.8424
19/02/2015;2.8539
20/02/2015;2.8694
23/02/2015;2.8805
24/02/2015;2.8643
25/02/2015;2.864
26/02/2015;2.8721
27/02/2015;2.8777
02/03/2015;2.8649
03/03/2015;2.9045
04/03/2015;2.9798
05/03/2015;2.9925
06/03/2015;3.036
09/03/2015;3.1012
10/03/2015;3.1293
11/03/2015;3.1156
12/03/2015;3.1165
13/03/2015;3.2258
16/03/2015;3.2251
17/03/2015;3.2677
18/03/2015;3.2512
19/03/2015;3.2635
20/03/2015;3.2417
23/03/2015;3.1793
24/03/2015;3.1304
25/03/2015;3.1469
26/03/2015;3.1909
27/03/2015;3.2253
30/03/2015;3.2595
31/03/2015;3.2074
01/04/2015;3.1549
02/04/2015;3.1486
06/04/2015;3.092
07/04/2015;3.1225
08/04/2015;3.0828
09/04/2015;3.0459
10/04/2015;3.0789
13/04/2015;3.1005
14/04/2015;3.0874
15/04/2015;3.0675
16/04/2015;3.0243
17/04/2015;3.0538
20/04/2015;3.0467
22/04/2015;3.018
23/04/2015;3.0077
24/04/2015;2.9739
27/04/2015;2.9229
28/04/2015;2.8937
29/04/2015;2.9369
30/04/2015;2.993
04/05/2015;3.0748
05/05/2015;3.0619
06/05/2015;3.0414
07/05/2015;3.0415
08/05/2015;2.9959
11/05/2015;3.0169
12/05/2015;3.0382
13/05/2015;3.0096
14/05/2015;3.0026
15/05/2015;2.9887
18/05/2015;3.0139
19/05/2015;3.0278
20/05/2015;3.034
21/05/2015;3.0289
22/05/2015;3.0647
25/05/2015;3.1206
26/05/2015;3.1345
27/05/2015;3.1734
28/05/2015;3.1741
29/05/2015;3.1781
01/06/2015;3.1783
02/06/2015;3.1437
03/06/2015;3.1178
05/06/2015;3.1677
08/06/2015;3.1184
09/06/2015;3.0985
10/06/2015;3.0837
11/06/2015;3.1508
12/06/2015;3.1101
15/06/2015;3.103
16/06/2015;3.1076
17/06/2015;3.0983
18/06/2015;3.0466
19/06/2015;3.0782
22/06/2015;3.0751
23/06/2015;3.1036
24/06/2015;3.0846
25/06/2015;3.1009
26/06/2015;3.1265
29/06/2015;3.1383
30/06/2015;3.1019
01/07/2015;3.1185
02/07/2015;3.1166
03/07/2015;3.1265
06/07/2015;3.1425
07/07/2015;3.1803
08/07/2015;3.2275
09/07/2015;3.2152
10/07/2015;3.1891
13/07/2015;3.1588
14/07/2015;3.1224
15/07/2015;3.1526
16/07/2015;3.1369
17/07/2015;3.1826
20/07/2015;3.2143
21/07/2015;3.1807
22/07/2015;3.2088
23/07/2015;3.2844
24/07/2015;3.3248
27/07/2015;3.3551
28/07/2015;3.3808
29/07/2015;3.3413
30/07/2015;3.3646
31/07/2015;3.3934
03/08/2015;3.4419
04/08/2015;3.4669
05/08/2015;3.4844
06/08/2015;3.5341
07/08/2015;3.5175
10/08/2015;3.4903
11/08/2015;3.4919
12/08/2015;3.482
13/08/2015;3.5068
14/08/2015;3.4755
17/08/2015;3.4739
18/08/2015;3.4805
19/08/2015;3.4843
20/08/2015;3.4745
21/08/2015;3.489
24/08/2015;3.5488
25/08/2015;3.5339
26/08/2015;3.632
27/08/2015;3.5549
28/08/2015;3.5784
31/08/2015;3.6461
01/09/2015;3.6719
02/09/2015;3.7307
03/09/2015;3.7753
04/09/2015;3.798
08/09/2015;3.8021
09/09/2015;3.7864
10/09/2015;3.8691
11/09/2015;3.8692
14/09/2015;3.8647
15/09/2015;3.8593
16/09/2015;3.8361
17/09/2015;3.8915
18/09/2015;3.9015
21/09/2015;3.9815
22/09/2015;4.0419
23/09/2015;4.1034
24/09/2015;4.1942
25/09/2015;3.9472
28/09/2015;4.0093
29/09/2015;4.1165
30/09/2015;3.9722
01/10/2015;3.9788
02/10/2015;4.0003
05/10/2015;3.9135
06/10/2015;3.8561
07/10/2015;3.8053
08/10/2015;3.8511
09/10/2015;3.738
13/10/2015;3.8243
14/10/2015;3.8501
15/10/2015;3.8337
16/10/2015;3.8432
19/10/2015;3.9009
20/10/2015;3.865
21/10/2015;3.938
22/10/2015;3.9354
23/10/2015;3.8982
26/10/2015;3.8575
27/10/2015;3.9108
28/10/2015;3.8791
29/10/2015;3.9321
30/10/2015;3.8582
03/11/2015;3.812
04/11/2015;3.768
05/11/2015;3.7887
06/11/2015;3.8053
09/11/2015;3.7922
10/11/2015;3.7975
11/11/2015;3.732
12/11/2015;3.799
13/11/2015;3.8016
16/11/2015;3.833
17/11/2015;3.8045
18/11/2015;3.7915
19/11/2015;3.7435
20/11/2015;3.7
23/11/2015;3.7224
24/11/2015;3.7075
25/11/2015;3.7682
26/11/2015;3.76
27/11/2015;3.7392
30/11/2015;3.8499
01/12/2015;3.8739
02/12/2015;3.8539
03/12/2015;3.7964
04/12/2015;3.7569
07/12/2015;3.747
08/12/2015;3.7915
09/12/2015;3.7573
10/12/2015;3.7679
11/12/2015;3.8541
14/12/2015;3.9017
15/12/2015;3.8697
16/12/2015;3.9351
17/12/2015;3.8923
18/12/2015;3.9056
21/12/2015;3.9825
22/12/2015;3.9764
23/12/2015;3.9626
24/12/2015;3.9511
28/12/2015;3.918
29/12/2015;3.8486
30/12/2015;3.9042
31/12/2015;3.9042
04/01/2016;4.038
05/01/2016;4.0108
06/01/2016;4.0297
07/01/2016;4.0469
08/01/2016;4.0244
11/01/2016;4.0147
12/01/2016;4.0293
13/01/2016;3.9857
14/01/2016;4.0217
15/01/2016;4.0396
18/01/2016;4.0358
19/01/2016;4.0297
20/01/2016;4.0855
21/01/2016;4.1552
22/01/2016;4.1226
25/01/2016;4.0991
26/01/2016;4.0961
27/01/2016;4.0441
28/01/2016;4.0832
29/01/2016;4.0422
01/02/2016;3.9979
02/02/2016;3.9913
03/02/2016;3.9552
04/02/2016;3.8646
05/02/2016;3.8969
10/02/2016;3.9406
11/02/2016;3.9636
12/02/2016;3.9884
15/02/2016;3.9879
16/02/2016;4.0207
17/02/2016;4.0312
18/02/2016;4.0084
19/02/2016;4.0486
22/02/2016;3.9612
23/02/2016;3.9678
24/02/2016;3.9894
25/02/2016;3.9394
26/02/2016;3.9571
29/02/2016;3.979
01/03/2016;3.9907
02/03/2016;3.911
03/03/2016;3.8498
04/03/2016;3.7182
07/03/2016;3.7708
08/03/2016;3.7807
09/03/2016;3.7031
10/03/2016;3.6694
11/03/2016;3.6265
14/03/2016;3.6232
15/03/2016;3.711
16/03/2016;3.8073
17/03/2016;3.6439
18/03/2016;3.614
21/03/2016;3.6223
22/03/2016;3.6067
23/03/2016;3.6525
24/03/2016;3.6942
28/03/2016;3.6401
29/03/2016;3.6681
30/03/2016;3.611
31/03/2016;3.5583
01/04/2016;3.5793
04/04/2016;3.5865
05/04/2016;3.6575
06/04/2016;3.6743
07/04/2016;3.6915
08/04/2016;3.6379
11/04/2016;3.5278
12/04/2016;3.54
13/04/2016;3.5423
14/04/2016;3.512
15/04/2016;3.527
18/04/2016;3.5898
19/04/2016;3.5532
20/04/2016;3.5497
22/04/2016;3.5823
25/04/2016;3.5466
26/04/2016;3.5294
27/04/2016;3.5289
28/04/2016;3.4986
29/04/2016;3.4502
02/05/2016;3.4985
03/05/2016;3.5544
04/05/2016;3.5391
05/05/2016;3.529
06/05/2016;3.5356
09/05/2016;3.538
10/05/2016;3.4766
11/05/2016;3.4639
12/05/2016;3.4871
13/05/2016;3.5035
16/05/2016;3.5029
17/05/2016;3.5031
18/05/2016;3.5362
19/05/2016;3.5997
20/05/2016;3.5413
23/05/2016;3.5654
24/05/2016;3.5485
25/05/2016;3.5798
27/05/2016;3.6162
30/05/2016;3.5991
31/05/2016;3.5945
01/06/2016;3.612
02/06/2016;3.5955
03/06/2016;3.5403
06/06/2016;3.5092
07/06/2016;3.4739
08/06/2016;3.3892
09/06/2016;3.3811
10/06/2016;3.4255
13/06/2016;3.4527
14/06/2016;3.4833
15/06/2016;3.4762
16/06/2016;3.4898
17/06/2016;3.4366
20/06/2016;3.3829
21/06/2016;3.3891
22/06/2016;3.3877
23/06/2016;3.3527
24/06/2016;3.3766
27/06/2016;3.3928
28/06/2016;3.3261
29/06/2016;3.2429
30/06/2016;3.2092
01/07/2016;3.2292
04/07/2016;3.2474
05/07/2016;3.2898
06/07/2016;3.3236
07/07/2016;3.3382
08/07/2016;3.2962
11/07/2016;3.3025
12/07/2016;3.2744
13/07/2016;3.289
14/07/2016;3.2305
15/07/2016;3.265
18/07/2016;3.2628
19/07/2016;3.2795
20/07/2016;3.2506
21/07/2016;3.2579
22/07/2016;3.2848
25/07/2016;3.2813
26/07/2016;3.2784
29/07/2016;3.2384
01/08/2016;3.2656
02/08/2016;3.2484
03/08/2016;3.2727
04/08/2016;3.2177
05/08/2016;3.1853
08/08/2016;3.1765
09/08/2016;3.1497
10/08/2016;3.1296
11/08/2016;3.1358
12/08/2016;3.1596
15/08/2016;3.1666
16/08/2016;3.1743
17/08/2016;3.2242
18/08/2016;3.2209
19/08/2016;3.2261
22/08/2016;3.2157
23/08/2016;3.2047
24/08/2016;3.2366
25/08/2016;3.2313
26/08/2016;3.2147
29/08/2016;3.2607
30/08/2016;3.2519
31/08/2016;3.2397
01/09/2016;3.2466
02/09/2016;3.2425
05/09/2016;3.2715
06/09/2016;3.2446
08/09/2016;3.1928
09/09/2016;3.2632
12/09/2016;3.2848
13/09/2016;3.2966
14/09/2016;3.3256
15/09/2016;3.332
16/09/2016;3.2998
19/09/2016;3.263
20/09/2016;3.2534
21/09/2016;3.2402
22/09/2016;3.2009
23/09/2016;3.2236
26/09/2016;3.2394
27/09/2016;3.2352
28/09/2016;3.247
29/09/2016;3.2229
30/09/2016;3.2456
03/10/2016;3.2332
04/10/2016;3.2197
05/10/2016;3.2353
06/10/2016;3.2304
07/10/2016;3.2128
10/10/2016;3.2119
11/10/2016;3.213
13/10/2016;3.2081
14/10/2016;3.1858
17/10/2016;3.1957
18/10/2016;3.1868
19/10/2016;3.1794
20/10/2016;3.1599
21/10/2016;3.1587
24/10/2016;3.1305
25/10/2016;3.1187
26/10/2016;3.1213
27/10/2016;3.1423
28/10/2016;3.1809
31/10/2016;3.1805
01/11/2016;3.2047
03/11/2016;3.2304
04/11/2016;3.2443
07/11/2016;3.2018
08/11/2016;3.2018
09/11/2016;3.2252
10/11/2016;3.3098
11/11/2016;3.4371
14/11/2016;3.444
16/11/2016;3.4177
17/11/2016;3.4046
18/11/2016;3.3911
21/11/2016;3.3511
22/11/2016;3.347
23/11/2016;3.3921
24/11/2016;3.3981
25/11/2016;3.4273
28/11/2016;3.399
29/11/2016;3.4054
30/11/2016;3.3961
01/12/2016;3.4356
02/12/2016;3.4644
05/12/2016;3.4592
06/12/2016;3.4348
07/12/2016;3.3889
08/12/2016;3.4002
09/12/2016;3.3852
12/12/2016;3.3691
13/12/2016;3.3334
14/12/2016;3.3097
15/12/2016;3.3824
16/12/2016;3.3706
19/12/2016;3.3772
20/12/2016;3.358
21/12/2016;3.3291
22/12/2016;3.3296
23/12/2016;3.269
26/12/2016;3.2695
27/12/2016;3.277
28/12/2016;3.2768
29/12/2016;3.2585
30/12/2016;3.2585
02/01/2017;3.2723
03/01/2017;3.2626
04/01/2017;3.2327
05/01/2017;3.2123
06/01/2017;3.2051
09/01/2017;3.2091
10/01/2017;3.1912
11/01/2017;3.2148
12/01/2017;3.1655
13/01/2017;3.2028
16/01/2017;3.2228
17/01/2017;3.2094
18/01/2017;3.2205
19/01/2017;3.2107
20/01/2017;3.1912
23/01/2017;3.1603
24/01/2017;3.1643
25/01/2017;3.1679
26/01/2017;3.1798
27/01/2017;3.159
30/01/2017;3.131
31/01/2017;3.1264
01/02/2017;3.1473
02/02/2017;3.119
03/02/2017;3.1235
06/02/2017;3.1173
07/02/2017;3.1298
08/02/2017;3.1248
09/02/2017;3.1179
10/02/2017;3.1149
13/02/2017;3.1169
14/02/2017;3.0998
15/02/2017;3.0773
16/02/2017;3.0504
17/02/2017;3.0944
20/02/2017;3.0912
21/02/2017;3.0964
22/02/2017;3.0818
23/02/2017;3.0632
24/02/2017;3.0987
01/03/2017;3.097
02/03/2017;3.1132
03/03/2017;3.1358
06/03/2017;3.1105
07/03/2017;3.1179
08/03/2017;3.1471
09/03/2017;3.1729
10/03/2017;3.1617
13/03/2017;3.1535
14/03/2017;3.1633
15/03/2017;3.1623
16/03/2017;3.1074
17/03/2017;3.1069
20/03/2017;3.0892
21/03/2017;3.0759
22/03/2017;3.0933
23/03/2017;3.1242
24/03/2017;3.1276
27/03/2017;3.125
28/03/2017;3.1297
29/03/2017;3.1223
30/03/2017;3.1241
31/03/2017;3.1678
03/04/2017;3.1161
04/04/2017;3.1225
05/04/2017;3.0917
06/04/2017;3.1154
07/04/2017;3.1296
10/04/2017;3.1403
11/04/2017;3.1418
12/04/2017;3.1457
13/04/2017;3.1263
17/04/2017;3.103
18/04/2017;3.0952
19/04/2017;3.1288
20/04/2017;3.1447
24/04/2017;3.1245
25/04/2017;3.1571
26/04/2017;3.1841
27/04/2017;3.1757
28/04/2017;3.1978
02/05/2017;3.1718
03/05/2017;3.1483
04/05/2017;3.1774
05/05/2017;3.1758
08/05/2017;3.1932
09/05/2017;3.1851
10/05/2017;3.16
11/05/2017;3.1553
12/05/2017;3.1284
15/05/2017;3.1005
16/05/2017;3.0918
17/05/2017;3.107
18/05/2017;3.3756
19/05/2017;3.2872
22/05/2017;3.2857
23/05/2017;3.2648
24/05/2017;3.2623
25/05/2017;3.2818
26/05/2017;3.2608
29/05/2017;3.2703
30/05/2017;3.2653
31/05/2017;3.2431
01/06/2017;3.2301
02/06/2017;3.2395
05/06/2017;3.2814
06/06/2017;3.2811
07/06/2017;3.2741
08/06/2017;3.2832
09/06/2017;3.2734
12/06/2017;3.298
13/06/2017;3.3202
14/06/2017;3.283
16/06/2017;3.2886
19/06/2017;3.2969
20/06/2017;3.3139
21/06/2017;3.3241
22/06/2017;3.3356
23/06/2017;3.3336
26/06/2017;3.3122
27/06/2017;3.3166
28/06/2017;3.3024
29/06/2017;3.2946
30/06/2017;3.3076
03/07/2017;3.3009
04/07/2017;3.3044
05/07/2017;3.3187
06/07/2017;3.3058
07/07/2017;3.2889
10/07/2017;3.2644
11/07/2017;3.2516
12/07/2017;3.2258
13/07/2017;3.2102
14/07/2017;3.1893
17/07/2017;3.1815
18/07/2017;3.1662
19/07/2017;3.1527
20/07/2017;3.1396
21/07/2017;3.125
24/07/2017;3.1453
25/07/2017;3.155
26/07/2017;3.1651
27/07/2017;3.1507
28/07/2017;3.1451
31/07/2017;3.1301
01/08/2017;3.1154
02/08/2017;3.1262
03/08/2017;3.1188
04/08/2017;3.1218
07/08/2017;3.1261
08/08/2017;3.1314
09/08/2017;3.1458
10/08/2017;3.1537
11/08/2017;3.1689
14/08/2017;3.1882
15/08/2017;3.197
16/08/2017;3.1664
17/08/2017;3.1597
18/08/2017;3.1648
21/08/2017;3.1437
22/08/2017;3.1533
23/08/2017;3.1563
24/08/2017;3.1398
25/08/2017;3.1456
28/08/2017;3.1557
29/08/2017;3.1689
30/08/2017;3.1632
31/08/2017;3.1465
01/09/2017;3.1327
04/09/2017;3.1383
05/09/2017;3.1197
06/09/2017;3.1127
08/09/2017;3.0902
11/09/2017;3.0846
12/09/2017;3.1138
13/09/2017;3.1337
14/09/2017;3.1348
15/09/2017;3.1249
18/09/2017;3.1233
19/09/2017;3.1317
20/09/2017;3.1275
21/09/2017;3.1341
22/09/2017;3.1279
25/09/2017;3.1406
26/09/2017;3.1668
27/09/2017;3.1926
28/09/2017;3.1865
29/09/2017;3.1674
02/10/2017;3.1636
03/10/2017;3.1496
04/10/2017;3.1309
05/10/2017;3.1341
06/10/2017;3.1642
09/10/2017;3.1764
10/10/2017;3.1682
11/10/2017;3.1633
13/10/2017;3.1567
16/10/2017;3.1601
17/10/2017;3.1763
18/10/2017;3.1667
19/10/2017;3.1727
20/10/2017;3.1827
23/10/2017;3.1997
24/10/2017;3.2464
25/10/2017;3.2381
26/10/2017;3.2438
27/10/2017;3.2795
30/10/2017;3.2541
31/10/2017;3.2763
01/11/2017;3.273
03/11/2017;3.2914
06/11/2017;3.2845
07/11/2017;3.2727
08/11/2017;3.2503
09/11/2017;3.2509
10/11/2017;3.2655
13/11/2017;3.2867
14/11/2017;3.2828
16/11/2017;3.2802
17/11/2017;3.2782
20/11/2017;3.2608
21/11/2017;3.2585
22/11/2017;3.2555
23/11/2017;3.2365
24/11/2017;3.2294
27/11/2017;3.2212
28/11/2017;3.2226
29/11/2017;3.213
30/11/2017;3.261
01/12/2017;3.263
04/12/2017;3.25
05/12/2017;3.2316
06/12/2017;3.2348
07/12/2017;3.2886
08/12/2017;3.2805
11/12/2017;3.2839
12/12/2017;3.3143
13/12/2017;3.303
14/12/2017;3.3326
15/12/2017;3.3176
18/12/2017;3.2875
19/12/2017;3.2877
20/12/2017;3.2903
21/12/2017;3.3039
22/12/2017;3.3203
26/12/2017;3.3194
27/12/2017;3.3024
28/12/2017;3.3074
29/12/2017;3.3074
02/01/2018;3.2691
03/01/2018;3.2529
04/01/2018;3.2312
05/01/2018;3.2403
08/01/2018;3.2351
09/01/2018;3.2391
10/01/2018;3.2461
11/01/2018;3.2295
12/01/2018;3.2192
15/01/2018;3.1957
16/01/2018;3.2213
17/01/2018;3.2318
18/01/2018;3.2123
19/01/2018;3.2081
22/01/2018;3.1928
23/01/2018;3.2243
24/01/2018;3.1964
25/01/2018;3.138
26/01/2018;3.1444
29/01/2018;3.1648
30/01/2018;3.1655
31/01/2018;3.1618
01/02/2018;3.1724
02/02/2018;3.2054
05/02/2018;3.2349
06/02/2018;3.2607
07/02/2018;3.2461
08/02/2018;3.2686
09/02/2018;3.2815
14/02/2018;3.2531
15/02/2018;3.2202
16/02/2018;3.2375
19/02/2018;3.2341
20/02/2018;3.2501
21/02/2018;3.2549
22/02/2018;3.2592
23/02/2018;3.2411
26/02/2018;3.2345
27/02/2018;3.2377
28/02/2018;3.2443
01/03/2018;3.2614
02/03/2018;3.2608
05/03/2018;3.2576
06/03/2018;3.224
07/03/2018;3.2312
08/03/2018;3.2512
09/03/2018;3.249
12/03/2018;3.26
13/03/2018;3.2486
14/03/2018;3.2578
15/03/2018;3.2853
16/03/2018;3.2899
19/03/2018;3.2905
20/03/2018;3.2975
21/03/2018;3.2915
22/03/2018;3.3027
23/03/2018;3.3035
26/03/2018;3.3028
27/03/2018;3.325
28/03/2018;3.3374
29/03/2018;3.3232
02/04/2018;3.3098
03/04/2018;3.3133
04/04/2018;3.3532
05/04/2018;3.319
06/04/2018;3.366
09/04/2018;3.3897
10/04/2018;3.4189
11/04/2018;3.4046
12/04/2018;3.3852
13/04/2018;3.4099
16/04/2018;3.4257
17/04/2018;3.4035
18/04/2018;3.3838
19/04/2018;3.3971
20/04/2018;3.4096
23/04/2018;3.4415
24/04/2018;3.4661
25/04/2018;3.5034
26/04/2018;3.4971
27/04/2018;3.467
30/04/2018;3.4805
02/05/2018;3.5418
03/05/2018;3.5478
04/05/2018;3.5302
07/05/2018;3.5452
08/05/2018;3.5782
09/05/2018;3.5937
10/05/2018;3.5561
11/05/2018;3.571
14/05/2018;3.6091
15/05/2018;3.6747
16/05/2018;3.6797
17/05/2018;3.6868
18/05/2018;3.7497
21/05/2018;3.7066
22/05/2018;3.6496
23/05/2018;3.6501
24/05/2018;3.643
25/05/2018;3.6581
28/05/2018;3.7086
29/05/2018;3.7283
30/05/2018;3.7364
01/06/2018;3.7407
04/06/2018;3.7418
05/06/2018;3.7746
06/06/2018;3.8187
07/06/2018;3.8994
08/06/2018;3.7853
11/06/2018;3.6907
12/06/2018;3.7038
13/06/2018;3.7048
14/06/2018;3.7051
15/06/2018;3.7732
18/06/2018;3.7537
19/06/2018;3.756
20/06/2018;3.7329
21/06/2018;3.7888
22/06/2018;3.7657
25/06/2018;3.7754
26/06/2018;3.7715
27/06/2018;3.8352
28/06/2018;3.8515
29/06/2018;3.8552
02/07/2018;3.9049
03/07/2018;3.8914
04/07/2018;3.9052
05/07/2018;3.9186
06/07/2018;3.9258
09/07/2018;3.868
10/07/2018;3.8446
11/07/2018;3.8411
12/07/2018;3.8558
13/07/2018;3.8739
16/07/2018;3.8573
17/07/2018;3.8665
18/07/2018;3.8468
19/07/2018;3.8841
20/07/2018;3.7787
23/07/2018;3.7909
24/07/2018;3.7453
25/07/2018;3.7114
26/07/2018;3.7237
27/07/2018;3.7158
30/07/2018;3.7149
31/07/2018;3.7543
01/08/2018;3.7485
02/08/2018;3.7639
03/08/2018;3.7195
06/08/2018;3.7208
07/08/2018;3.7112
08/08/2018;3.7513
09/08/2018;3.8024
10/08/2018;3.8466
13/08/2018;3.8982
14/08/2018;3.8806
15/08/2018;3.9128
16/08/2018;3.8804
17/08/2018;3.9383
20/08/2018;3.9424
21/08/2018;3.9867
22/08/2018;4.0734
23/08/2018;4.0721
24/08/2018;4.0848
27/08/2018;4.0681
28/08/2018;4.1186
29/08/2018;4.1347
30/08/2018;4.1806
31/08/2018;4.1347
03/09/2018;4.1273
04/09/2018;4.1646
05/09/2018;4.1603
06/09/2018;4.1454
10/09/2018;4.1001
11/09/2018;4.1635
12/09/2018;4.1253
13/09/2018;4.1631
14/09/2018;4.1873
17/09/2018;4.1689
18/09/2018;4.1363
19/09/2018;4.1345
20/09/2018;4.0991
21/09/2018;4.0722
24/09/2018;4.0588
25/09/2018;4.128
26/09/2018;4.0564
27/09/2018;4.0086
28/09/2018;4.0033
01/10/2018;4.0267
02/10/2018;3.9499
03/10/2018;3.8536
04/10/2018;3.9041
05/10/2018;3.8693
08/10/2018;3.7582
09/10/2018;3.7385
10/10/2018;3.7504
11/10/2018;3.7454
15/10/2018;3.7326
16/10/2018;3.7073
17/10/2018;3.7002
18/10/2018;3.6957
19/10/2018;3.7073
22/10/2018;3.6897
23/10/2018;3.7074
24/10/2018;3.7054
25/10/2018;3.7008
26/10/2018;3.6746
29/10/2018;3.6362
30/10/2018;3.7013
31/10/2018;3.7171
01/11/2018;3.6968
05/11/2018;3.7042
06/11/2018;3.7486
07/11/2018;3.7586
08/11/2018;3.7385
09/11/2018;3.75
12/11/2018;3.7472
13/11/2018;3.7786
14/11/2018;3.7918
16/11/2018;3.7519
19/11/2018;3.7547
20/11/2018;3.7574
21/11/2018;3.7866
22/11/2018;3.8097
23/11/2018;3.8075
26/11/2018;3.8649
27/11/2018;3.8919
28/11/2018;3.8625
29/11/2018;3.8562
30/11/2018;3.8627
03/12/2018;3.8279
04/12/2018;3.8307
05/12/2018;3.8555
06/12/2018;3.9172
07/12/2018;3.8958
10/12/2018;3.9104
11/12/2018;3.9007
12/12/2018;3.8623
13/12/2018;3.8784
14/12/2018;3.9084
17/12/2018;3.9115
18/12/2018;3.8991
19/12/2018;3.8901
20/12/2018;3.8437
21/12/2018;3.8665
24/12/2018;3.8839
26/12/2018;3.9252
27/12/2018;3.9324
28/12/2018;3.8742
31/12/2018;3.8742
02/01/2019;3.8589
03/01/2019;3.7677
04/01/2019;3.7621
07/01/2019;3.7056
08/01/2019;3.7202
09/01/2019;3.6925
10/01/2019;3.6863
11/01/2019;3.7135
14/01/2019;3.7255
15/01/2019;3.7043
16/01/2019;3.7191
17/01/2019;3.7585
18/01/2019;3.748
21/01/2019;3.7699
22/01/2019;3.7609
23/01/2019;3.7988
24/01/2019;3.7809
25/01/2019;3.7613
28/01/2019;3.767
29/01/2019;3.7364
30/01/2019;3.7145
31/01/2019;3.6513
01/02/2019;3.6688
04/02/2019;3.675
05/02/2019;3.6735
06/02/2019;3.7013
07/02/2019;3.7187
08/02/2019;3.7178
11/02/2019;3.7385
12/02/2019;3.729
13/02/2019;3.7271
14/02/2019;3.775
15/02/2019;3.7149
18/02/2019;3.731
19/02/2019;3.72
20/02/2019;3.7094
21/02/2019;3.7589
22/02/2019;3.7424
25/02/2019;3.7279
26/02/2019;3.7589
27/02/2019;3.7345
28/02/2019;3.7379
01/03/2019;3.7826
06/03/2019;3.8297
07/03/2019;3.8481
08/03/2019;3.8672
11/03/2019;3.8455
12/03/2019;3.8123
13/03/2019;3.8259
14/03/2019;3.8321
15/03/2019;3.8338
18/03/2019;3.8105
19/03/2019;3.7756
20/03/2019;3.7891
21/03/2019;3.7961
22/03/2019;3.8809
25/03/2019;3.8764
26/03/2019;3.864
27/03/2019;3.9383
28/03/2019;3.9676
29/03/2019;3.8961
01/04/2019;3.8676
02/04/2019;3.8655
03/04/2019;3.843
04/04/2019;3.8707
05/04/2019;3.8616
08/04/2019;3.8652
09/04/2019;3.8557
10/04/2019;3.8339
11/04/2019;3.8393
12/04/2019;3.8679
15/04/2019;3.8724
16/04/2019;3.8907
17/04/2019;3.9219
18/04/2019;3.9364
22/04/2019;3.9224
23/04/2019;3.943
24/04/2019;3.9624
25/04/2019;3.9719
26/04/2019;3.9347
29/04/2019;3.9358
30/04/2019;3.9447
02/05/2019;3.9644
03/05/2019;3.9382
06/05/2019;3.9618
07/05/2019;3.9874
08/05/2019;3.9338
09/05/2019;3.9667
10/05/2019;3.9572
13/05/2019;3.9884
14/05/2019;3.9782
15/05/2019;4.0025
16/05/2019;4.0132
17/05/2019;4.0838
20/05/2019;4.105
21/05/2019;4.0804
22/05/2019;4.0222
23/05/2019;4.0507
24/05/2019;4.0316
27/05/2019;4.0204
28/05/2019;4.0269
29/05/2019;3.9959
30/05/2019;3.9714
31/05/2019;3.9401
03/06/2019;3.8997
04/06/2019;3.8704
05/06/2019;3.8605
06/06/2019;3.872
07/06/2019;3.8565
10/06/2019;3.8784
11/06/2019;3.8658
12/06/2019;3.8431
13/06/2019;3.8423
14/06/2019;3.8807
17/06/2019;3.8889
18/06/2019;3.8602
19/06/2019;3.8717
21/06/2019;3.8249
24/06/2019;3.8228
25/06/2019;3.8297
26/06/2019;3.8435
27/06/2019;3.8636
28/06/2019;3.8316
01/07/2019;3.8187
02/07/2019;3.8558
03/07/2019;3.8469
04/07/2019;3.7934
05/07/2019;3.8198
08/07/2019;3.8059
09/07/2019;3.7846
10/07/2019;3.7691
11/07/2019;3.7527
12/07/2019;3.7446
15/07/2019;3.7457
16/07/2019;3.7618
17/07/2019;3.7612
18/07/2019;3.7483
19/07/2019;3.7402
22/07/2019;3.7394
23/07/2019;3.7615
24/07/2019;3.759
25/07/2019;3.7843
26/07/2019;3.7735
29/07/2019;3.7903
30/07/2019;3.7894
31/07/2019;3.7643
01/08/2019;3.829
02/08/2019;3.8733
05/08/2019;3.9398
06/08/2019;3.9637
07/08/2019;3.9844
08/08/2019;3.9403
09/08/2019;3.9356
12/08/2019;3.996
13/08/2019;3.973
14/08/2019;4.0068
15/08/2019;4.0182
16/08/2019;3.9927
19/08/2019;4.0268
20/08/2019;4.0419
21/08/2019;4.0248
22/08/2019;4.0438
23/08/2019;4.0845
26/08/2019;4.1361
27/08/2019;4.1551
28/08/2019;4.1553
29/08/2019;4.1674
30/08/2019;4.1379
02/09/2019;4.1575
03/09/2019;4.1651
04/09/2019;4.1243
05/09/2019;4.0853
06/09/2019;4.0644
09/09/2019;4.076
10/09/2019;4.1102
11/09/2019;4.0625
12/09/2019;4.0488
13/09/2019;4.061
16/09/2019;4.0866
17/09/2019;4.0992
18/09/2019;4.0966
19/09/2019;4.1387
20/09/2019;4.1681
23/09/2019;4.1728
24/09/2019;4.1715
25/09/2019;4.1821
26/09/2019;4.1463
27/09/2019;4.1581
30/09/2019;4.1638
01/10/2019;4.1734
02/10/2019;4.154
03/10/2019;4.1006
04/10/2019;4.0604
07/10/2019;4.0682
08/10/2019;4.0862
09/10/2019;4.0948
10/10/2019;4.1139
11/10/2019;4.1054
14/10/2019;4.1257
15/10/2019;4.1482
16/10/2019;4.1708
17/10/2019;4.1452
18/10/2019;4.137
21/10/2019;4.1313
22/10/2019;4.0852
23/10/2019;4.0715
24/10/2019;4.0083
25/10/2019;4.0127
28/10/2019;3.9786
29/10/2019;3.994
30/10/2019;4.018
31/10/2019;4.0035
01/11/2019;3.978
04/11/2019;3.9916
05/11/2019;4.0037
06/11/2019;4.0345
07/11/2019;4.0921
08/11/2019;4.1359
11/11/2019;4.1553
12/11/2019;4.175
13/11/2019;4.1761
14/11/2019;4.1825
18/11/2019;4.1821
19/11/2019;4.2078
20/11/2019;4.2027
21/11/2019;4.2006
22/11/2019;4.1826
25/11/2019;4.2083
26/11/2019;4.2553
27/11/2019;4.2596
28/11/2019;4.2474
29/11/2019;4.2234
02/12/2019;4.2255
03/12/2019;4.2002
04/12/2019;4.192
05/12/2019;4.213
06/12/2019;4.1777
09/12/2019;4.1497
10/12/2019;4.1421
11/12/2019;4.1147
12/12/2019;4.1086
13/12/2019;4.0943
16/12/2019;4.0795
17/12/2019;4.0681
18/12/2019;4.0542
19/12/2019;4.0627
20/12/2019;4.0771
23/12/2019;4.0751
24/12/2019;4.0793
26/12/2019;4.0595
27/12/2019;4.0539
30/12/2019;4.0301
31/12/2019;4.0301
02/01/2020;4.0207
03/01/2020;4.0516
06/01/2020;4.0548
07/01/2020;4.0835
08/01/2020;4.0666
09/01/2020;4.0738
10/01/2020;4.0739
13/01/2020;4.1303
14/01/2020;4.1437
15/01/2020;4.1616
16/01/2020;4.172
17/01/2020;4.1831
20/01/2020;4.1823
21/01/2020;4.2008
22/01/2020;4.1883
23/01/2020;4.1656
24/01/2020;4.1763
27/01/2020;4.219
28/01/2020;4.2058
29/01/2020;4.2007
30/01/2020;4.2517
31/01/2020;4.2689
03/02/2020;4.2469
04/02/2020;4.2375
05/02/2020;4.2443
06/02/2020;4.2471
07/02/2020;4.307
10/02/2020;4.3189
11/02/2020;4.3142
12/02/2020;4.336
13/02/2020;4.3383
14/02/2020;4.3157
17/02/2020;4.3151
18/02/2020;4.3465
19/02/2020;4.3722
20/02/2020;4.3867
21/02/2020;4.3918
26/02/2020;4.4353
27/02/2020;4.4758
28/02/2020;4.4981
02/03/2020;4.494
03/03/2020;4.4877
04/03/2020;4.5252
05/03/2020;4.6201
06/03/2020;4.6453
09/03/2020;4.7373
10/03/2020;4.6687
11/03/2020;4.6732
12/03/2020;4.8825
13/03/2020;4.7355
16/03/2020;4.9464
17/03/2020;5.0489
18/03/2020;5.1101
19/03/2020;5.1437
20/03/2020;5.0241
23/03/2020;5.0798
24/03/2020;5.0707
25/03/2020;5.07
26/03/2020;5.0004
27/03/2020;5.1103
30/03/2020;5.1588
31/03/2020;5.1981
01/04/2020;5.2399
02/04/2020;5.2645
03/04/2020;5.2991
06/04/2020;5.2465
07/04/2020;5.2211
08/04/2020;5.2117
09/04/2020;5.0773
13/04/2020;5.1818
14/04/2020;5.1852
15/04/2020;5.2573
16/04/2020;5.2371
17/04/2020;5.2567
20/04/2020;5.2831
22/04/2020;5.3841
23/04/2020;5.4461
24/04/2020;5.6504
27/04/2020;5.6352
28/04/2020;5.5677
29/04/2020;5.4285
30/04/2020;5.4264
04/05/2020;5.5811
05/05/2020;5.5348
06/05/2020;5.667
07/05/2020;5.8359
08/05/2020;5.7647
11/05/2020;5.7948
12/05/2020;5.7717
13/05/2020;5.9016
14/05/2020;5.9366
15/05/2020;5.8223
18/05/2020;5.7369
19/05/2020;5.721
20/05/2020;5.6962
21/05/2020;5.6013
22/05/2020;5.5802
25/05/2020;5.4766
26/05/2020;5.3701
27/05/2020;5.2986
28/05/2020;5.3399
29/05/2020;5.4257
01/06/2020;5.3633
02/06/2020;5.2595
03/06/2020;5.051
04/06/2020;5.1035
05/06/2020;4.9769
08/06/2020;4.9325
09/06/2020;4.9051
10/06/2020;4.8888
12/06/2020;5.0367
15/06/2020;5.1877
16/06/2020;5.1279
17/06/2020;5.2492
18/06/2020;5.3462
19/06/2020;5.346
22/06/2020;5.222
23/06/2020;5.1699
24/06/2020;5.2429
25/06/2020;5.3281
26/06/2020;5.4623
29/06/2020;5.441
30/06/2020;5.4754
01/07/2020;5.3646
02/07/2020;5.3022
03/07/2020;5.3368
06/07/2020;5.3079
07/07/2020;5.3312
08/07/2020;5.3476
09/07/2020;5.2972
10/07/2020;5.3434
13/07/2020;5.348
14/07/2020;5.4282
15/07/2020;5.3485
16/07/2020;5.3554
17/07/2020;5.3504
20/07/2020;5.3629
21/07/2020;5.2277
22/07/2020;5.1105
23/07/2020;5.1641
24/07/2020;5.214
27/07/2020;5.1883
28/07/2020;5.1771
29/07/2020;5.1389
30/07/2020;5.1831
31/07/2020;5.2027
03/08/2020;5.3069
04/08/2020;5.3323
05/08/2020;5.2754
06/08/2020;5.3425
07/08/2020;5.4221
10/08/2020;5.3927
11/08/2020;5.4279
12/08/2020;5.4545
13/08/2020;5.3795
14/08/2020;5.3846
17/08/2020;5.4491
18/08/2020;5.4653
19/08/2020;5.49
20/08/2020;5.6504
21/08/2020;5.6058
24/08/2020;5.5948
25/08/2020;5.5991
26/08/2020;5.5674
27/08/2020;5.595
28/08/2020;5.4673
31/08/2020;5.4707
01/09/2020;5.3726
02/09/2020;5.3735
03/09/2020;5.3073
04/09/2020;5.2842
08/09/2020;5.3692
09/09/2020;5.3018
10/09/2020;5.293
11/09/2020;5.2848
14/09/2020;5.2978
15/09/2020;5.2722
16/09/2020;5.2526
17/09/2020;5.2587
18/09/2020;5.2883
21/09/2020;5.4434
22/09/2020;5.4323
23/09/2020;5.5305
24/09/2020;5.5708
25/09/2020;5.5661
28/09/2020;5.5852
29/09/2020;5.6521
30/09/2020;5.6401
01/10/2020;5.6435
02/10/2020;5.6458
05/10/2020;5.6293
06/10/2020;5.5199
07/10/2020;5.6012
08/10/2020;5.6194
09/10/2020;5.5387
13/10/2020;5.5854
14/10/2020;5.5669
15/10/2020;5.6166
16/10/2020;5.622
19/10/2020;5.6017
20/10/2020;5.5824
21/10/2020;5.6
22/10/2020;5.5814
23/10/2020;5.6114
26/10/2020;5.6322
27/10/2020;5.6484
28/10/2020;5.7319
29/10/2020;5.7797
30/10/2020;5.7712
03/11/2020;5.6889
04/11/2020;5.6926
05/11/2020;5.5618
06/11/2020;5.5307
09/11/2020;5.2815
10/11/2020;5.369
11/11/2020;5.4014
12/11/2020;5.4088
13/11/2020;5.4848
16/11/2020;5.4192
17/11/2020;5.3962
18/11/2020;5.2926
19/11/2020;5.3324
20/11/2020;5.3499
23/11/2020;5.3822
24/11/2020;5.4031
25/11/2020;5.3502
26/11/2020;5.3195
27/11/2020;5.3488
30/11/2020;5.3311
01/12/2020;5.2783
02/12/2020;5.2261
03/12/2020;5.1619
04/12/2020;5.17
07/12/2020;5.1012
08/12/2020;5.0914
09/12/2020;5.1103
10/12/2020;5.0846
11/12/2020;5.0685
14/12/2020;5.0572
15/12/2020;5.0962
16/12/2020;5.1051
17/12/2020;5.0606
18/12/2020;5.098
21/12/2020;5.1566
22/12/2020;5.1467
23/12/2020;5.1734
24/12/2020;5.1785
28/12/2020;5.2384
29/12/2020;5.1936
30/12/2020;5.1961
31/12/2020;5.1961
04/01/2021;5.162
05/01/2021;5.3263
06/01/2021;5.3176
07/01/2021;5.3427
08/01/2021;5.3677
11/01/2021;5.496
12/01/2021;5.4631
13/01/2021;5.3064
14/01/2021;5.2611
15/01/2021;5.2708
18/01/2021;5.2782
19/01/2021;5.2939
20/01/2021;5.3027
21/01/2021;5.316
22/01/2021;5.4295
25/01/2021;5.5074
26/01/2021;5.3859
27/01/2021;5.3818
28/01/2021;5.4276
29/01/2021;5.4753
01/02/2021;5.4602
02/02/2021;5.3869
03/02/2021;5.3417
04/02/2021;5.3904
05/02/2021;5.3878
08/02/2021;5.3664
09/02/2021;5.421
10/02/2021;5.4018
11/02/2021;5.362
12/02/2021;5.3809
17/02/2021;5.4132
18/02/2021;5.4232
19/02/2021;5.3918
22/02/2021;5.5038
23/02/2021;5.4484
24/02/2021;5.4176
25/02/2021;5.4594
26/02/2021;5.5296
01/03/2021;5.5826
02/03/2021;5.6838
03/03/2021;5.7336
04/03/2021;5.6002
05/03/2021;5.6864
08/03/2021;5.7337
09/03/2021;5.8391
10/03/2021;5.7443
11/03/2021;5.5884
12/03/2021;5.5634
15/03/2021;5.629
16/03/2021;5.5845
17/03/2021;5.6573
18/03/2021;5.5468
19/03/2021;5.5076
22/03/2021;5.5263
23/03/2021;5.4945
24/03/2021;5.5324
25/03/2021;5.6579
26/03/2021;5.7036
29/03/2021;5.7919
30/03/2021;5.7636
31/03/2021;5.6967
01/04/2021;5.6843
05/04/2021;5.6573
06/04/2021;5.6257
07/04/2021;5.5858
08/04/2021;5.5811
09/04/2021;5.6439
12/04/2021;5.6576
13/04/2021;5.7058
14/04/2021;5.693
15/04/2021;5.6228
16/04/2021;5.6322
19/04/2021;5.5744
20/04/2021;5.526
22/04/2021;5.4964
23/04/2021;5.4781
26/04/2021;5.456
27/04/2021;5.4418
28/04/2021;5.3999
29/04/2021;5.3656
30/04/2021;5.403
03/05/2021;5.4081
04/05/2021;5.4499
05/05/2021;5.3866
06/05/2021;5.2891
07/05/2021;5.2211
10/05/2021;5.2221
11/05/2021;5.2397
12/05/2021;5.2347
13/05/2021;5.2809
14/05/2021;5.2695
17/05/2021;5.2749
18/05/2021;5.2588
19/05/2021;5.2822
20/05/2021;5.2905
21/05/2021;5.3027
24/05/2021;5.3198
25/05/2021;5.3143
26/05/2021;5.3164
27/05/2021;5.284
28/05/2021;5.2281
31/05/2021;5.2322
01/06/2021;5.1636
02/06/2021;5.1147
04/06/2021;5.0666
07/06/2021;5.0498
08/06/2021;5.0489
09/06/2021;5.0533
10/06/2021;5.0635
11/06/2021;5.119
14/06/2021;5.0707
15/06/2021;5.0874
16/06/2021;5.0207
17/06/2021;5.0359
18/06/2021;5.0314
23/06/2021;4.9513
24/06/2021;4.9271
25/06/2021;4.92
28/06/2021;4.9414
30/06/2021;5.0016
01/07/2021;5.0049
02/07/2021;5.0287
05/07/2021;5.0743
06/07/2021;5.1639
07/07/2021;5.2322
08/07/2021;5.2581
09/07/2021;5.237
12/07/2021;5.2233
13/07/2021;5.1764
14/07/2021;5.0874
15/07/2021;5.0994
16/07/2021;5.0935
19/07/2021;5.1972
20/07/2021;5.2459
21/07/2021;5.251
22/07/2021;5.1972
23/07/2021;5.1695
26/07/2021;5.1857
27/07/2021;5.1663
28/07/2021;5.1521
29/07/2021;5.0676
30/07/2021;5.121
02/08/2021;5.1373
03/08/2021;5.2458
04/08/2021;5.2085
05/08/2021;5.1459
06/08/2021;5.2404
09/08/2021;5.2768
10/08/2021;5.2211
11/08/2021;5.2007
12/08/2021;5.2345
13/08/2021;5.2468
16/08/2021;5.2489
17/08/2021;5.2579
18/08/2021;5.3019
19/08/2021;5.4174
20/08/2021;5.4268
23/08/2021;5.368
24/08/2021;5.3011
25/08/2021;5.2459
26/08/2021;5.2423
27/08/2021;5.2194
30/08/2021;5.1946
31/08/2021;5.1427
01/09/2021;5.157
02/09/2021;5.1729
03/09/2021;5.1679
06/09/2021;5.1767
08/09/2021;5.2518
09/09/2021;5.2819
10/09/2021;5.2152
13/09/2021;5.2184
14/09/2021;5.2254
15/09/2021;5.257
16/09/2021;5.2588
17/09/2021;5.3097
20/09/2021;5.3326
21/09/2021;5.3038
22/09/2021;5.2777
23/09/2021;5.2885
24/09/2021;5.3429
27/09/2021;5.3472
28/09/2021;5.42
29/09/2021;5.4167
30/09/2021;5.4388
01/10/2021;5.3905
04/10/2021;5.4198
05/10/2021;5.4605
06/10/2021;5.5091
07/10/2021;5.5134
08/10/2021;5.5078
11/10/2021;5.5155
13/10/2021;5.5464
14/10/2021;5.4982
15/10/2021;5.4504
18/10/2021;5.5187
19/10/2021;5.5515
20/10/2021;5.5565
21/10/2021;5.6417
22/10/2021;5.7111
25/10/2021;5.5967
26/10/2021;5.5794
27/10/2021;5.5661
28/10/2021;5.6118
29/10/2021;5.6424
01/11/2021;5.6688
03/11/2021;5.6666
04/11/2021;5.5936
05/11/2021;5.5449
08/11/2021;5.5621
09/11/2021;5.4951
10/11/2021;5.4584
11/11/2021;5.4165
12/11/2021;5.4193
16/11/2021;5.4766
17/11/2021;5.4987
18/11/2021;5.5464
19/11/2021;5.5578
22/11/2021;5.5835
23/11/2021;5.645
24/11/2021;5.6021
25/11/2021;5.5734
26/11/2021;5.5859
29/11/2021;5.6112
30/11/2021;5.6193
01/12/2021;5.6162
02/12/2021;5.6339
03/12/2021;5.6426
06/12/2021;5.6871
07/12/2021;5.6405
08/12/2021;5.5773
09/12/2021;5.5558
10/12/2021;5.5925
13/12/2021;5.6351
14/12/2021;5.6455
15/12/2021;5.7121
16/12/2021;5.6957
17/12/2021;5.6953
20/12/2021;5.7049
21/12/2021;5.7367
22/12/2021;5.7195
23/12/2021;5.6904
24/12/2021;5.6541
27/12/2021;5.6644
28/12/2021;5.6432
29/12/2021;5.6613
30/12/2021;5.5799
31/12/2021;5.5799
03/01/2022;5.6303
04/01/2022;5.677
05/01/2022;5.6622
06/01/2022;5.7036
07/01/2022;5.6747
10/01/2022;5.673
11/01/2022;5.6345
12/01/2022;5.5605
13/01/2022;5.524
14/01/2022;5.5343
17/01/2022;5.5052
18/01/2022;5.5207
19/01/2022;5.4972
20/01/2022;5.416
21/01/2022;5.4395
24/01/2022;5.4904
25/01/2022;5.4965
26/01/2022;5.4318
27/01/2022;5.3806
28/01/2022;5.3948
31/01/2022;5.3568
01/02/2022;5.2804
09/02/2022;5.2729
10/02/2022;5.2095
11/02/2022;5.1981
14/02/2022;5.21
15/02/2022;5.1875
16/02/2022;5.1624
17/02/2022;5.1559
18/02/2022;5.1333
21/02/2022;5.0991
